country,country_code,year,death
Afghanistan,AFG,2000,1137
Afghanistan,AFG,2001,1183
Afghanistan,AFG,2002,1190
Afghanistan,AFG,2003,1235
Afghanistan,AFG,2004,1283
Afghanistan,AFG,2005,1300
Afghanistan,AFG,2006,1303
Afghanistan,AFG,2007,1310
Afghanistan,AFG,2008,1330
Afghanistan,AFG,2009,1342
Afghanistan,AFG,2010,1367
Afghanistan,AFG,2011,1391
Afghanistan,AFG,2012,1413
Afghanistan,AFG,2013,1433
Afghanistan,AFG,2014,1444
Afghanistan,AFG,2015,1467
Afghanistan,AFG,2016,1505
Afghanistan,AFG,2017,1548
Afghanistan,AFG,2018,1582
Afghanistan,AFG,2019,1613
Albania,ALB,2001,148
Albania,ALB,2000,151
Albania,ALB,2019,152
Albania,ALB,2002,154
Albania,ALB,2018,154
Albania,ALB,2017,156
Albania,ALB,2013,157
Albania,ALB,2007,158
Albania,ALB,2012,158
Albania,ALB,2014,158
Albania,ALB,2016,158
Albania,ALB,2009,160
Albania,ALB,2010,160
Albania,ALB,2011,160
Albania,ALB,2015,160
Albania,ALB,2006,162
Albania,ALB,2008,163
Albania,ALB,2003,165
Albania,ALB,2005,169
Albania,ALB,2004,170
Algeria,DZA,2017,1451
Algeria,DZA,2016,1457
Algeria,DZA,2010,1458
Algeria,DZA,2011,1467
Algeria,DZA,2012,1468
Algeria,DZA,2013,1473
Algeria,DZA,2009,1474
Algeria,DZA,2015,1483
Algeria,DZA,2014,1485
Algeria,DZA,2008,1487
Algeria,DZA,2018,1489
Algeria,DZA,2007,1504
Algeria,DZA,2019,1516
Algeria,DZA,2006,1523
Algeria,DZA,2005,1537
Algeria,DZA,2004,1547
Algeria,DZA,2003,1554
Algeria,DZA,2000,1591
Algeria,DZA,2001,1599
Algeria,DZA,2002,1601
American Samoa,ASM,2002,3
American Samoa,ASM,2003,3
American Samoa,ASM,2004,3
American Samoa,ASM,2005,3
American Samoa,ASM,2006,3
American Samoa,ASM,2007,3
American Samoa,ASM,2008,3
American Samoa,ASM,2009,3
American Samoa,ASM,2010,3
American Samoa,ASM,2011,3
American Samoa,ASM,2012,3
American Samoa,ASM,2000,4
American Samoa,ASM,2001,4
American Samoa,ASM,2013,4
American Samoa,ASM,2014,4
American Samoa,ASM,2015,4
American Samoa,ASM,2016,4
American Samoa,ASM,2017,4
American Samoa,ASM,2018,4
American Samoa,ASM,2019,4
Andorra,AND,2000,7
Andorra,AND,2001,7
Andorra,AND,2002,7
Andorra,AND,2003,7
Andorra,AND,2011,7
Andorra,AND,2012,7
Andorra,AND,2013,7
Andorra,AND,2014,7
Andorra,AND,2004,8
Andorra,AND,2005,8
Andorra,AND,2006,8
Andorra,AND,2007,8
Andorra,AND,2008,8
Andorra,AND,2009,8
Andorra,AND,2010,8
Andorra,AND,2015,8
Andorra,AND,2016,8
Andorra,AND,2017,8
Andorra,AND,2018,8
Andorra,AND,2019,8
Angola,AGO,2000,1217
Angola,AGO,2002,1220
Angola,AGO,2001,1226
Angola,AGO,2003,1254
Angola,AGO,2004,1312
Angola,AGO,2005,1312
Angola,AGO,2006,1349
Angola,AGO,2007,1369
Angola,AGO,2008,1402
Angola,AGO,2009,1453
Angola,AGO,2010,1501
Angola,AGO,2011,1551
Angola,AGO,2012,1604
Angola,AGO,2013,1641
Angola,AGO,2014,1646
Angola,AGO,2015,1691
Angola,AGO,2016,1724
Angola,AGO,2017,1802
Angola,AGO,2018,1870
Angola,AGO,2019,1928
Antigua and Barbuda,ATG,2000,2
Antigua and Barbuda,ATG,2001,2
Antigua and Barbuda,ATG,2002,2
Antigua and Barbuda,ATG,2003,2
Antigua and Barbuda,ATG,2004,2
Antigua and Barbuda,ATG,2005,2
Antigua and Barbuda,ATG,2006,2
Antigua and Barbuda,ATG,2007,2
Antigua and Barbuda,ATG,2008,2
Antigua and Barbuda,ATG,2009,2
Antigua and Barbuda,ATG,2010,2
Antigua and Barbuda,ATG,2011,3
Antigua and Barbuda,ATG,2012,3
Antigua and Barbuda,ATG,2013,3
Antigua and Barbuda,ATG,2014,3
Antigua and Barbuda,ATG,2015,3
Antigua and Barbuda,ATG,2016,3
Antigua and Barbuda,ATG,2017,3
Antigua and Barbuda,ATG,2018,3
Antigua and Barbuda,ATG,2019,3
Argentina,ARG,2005,4283
Argentina,ARG,2004,4290
Argentina,ARG,2006,4310
Argentina,ARG,2000,4394
Argentina,ARG,2003,4463
Argentina,ARG,2007,4504
Argentina,ARG,2001,4546
Argentina,ARG,2008,4549
Argentina,ARG,2009,4574
Argentina,ARG,2010,4584
Argentina,ARG,2002,4600
Argentina,ARG,2011,4680
Argentina,ARG,2015,4773
Argentina,ARG,2012,4782
Argentina,ARG,2014,4805
Argentina,ARG,2013,4841
Argentina,ARG,2016,4926
Argentina,ARG,2017,4979
Argentina,ARG,2018,5009
Argentina,ARG,2019,5029
Armenia,ARM,2000,127
Armenia,ARM,2001,137
Armenia,ARM,2002,146
Armenia,ARM,2003,156
Armenia,ARM,2004,180
Armenia,ARM,2005,211
Armenia,ARM,2006,249
Armenia,ARM,2007,264
Armenia,ARM,2008,277
Armenia,ARM,2009,286
Armenia,ARM,2019,287
Armenia,ARM,2017,289
Armenia,ARM,2018,289
Armenia,ARM,2010,296
Armenia,ARM,2014,297
Armenia,ARM,2016,297
Armenia,ARM,2013,299
Armenia,ARM,2015,302
Armenia,ARM,2011,306
Armenia,ARM,2012,308
Australia,AUS,2005,2358
Australia,AUS,2006,2370
Australia,AUS,2004,2381
Australia,AUS,2003,2426
Australia,AUS,2002,2449
Australia,AUS,2007,2465
Australia,AUS,2001,2502
Australia,AUS,2008,2556
Australia,AUS,2000,2584
Australia,AUS,2009,2610
Australia,AUS,2010,2667
Australia,AUS,2011,2687
Australia,AUS,2012,2716
Australia,AUS,2013,2775
Australia,AUS,2017,2857
Australia,AUS,2018,2876
Australia,AUS,2019,2898
Australia,AUS,2014,2907
Australia,AUS,2016,2927
Australia,AUS,2015,3010
Austria,AUT,2008,1404
Austria,AUT,2007,1414
Austria,AUT,2019,1418
Austria,AUT,2006,1420
Austria,AUT,2018,1428
Austria,AUT,2009,1439
Austria,AUT,2017,1440
Austria,AUT,2013,1446
Austria,AUT,2011,1447
Austria,AUT,2012,1448
Austria,AUT,2010,1449
Austria,AUT,2014,1453
Austria,AUT,2005,1455
Austria,AUT,2016,1456
Austria,AUT,2015,1472
Austria,AUT,2004,1473
Austria,AUT,2003,1502
Austria,AUT,2002,1527
Austria,AUT,2001,1535
Austria,AUT,2000,1578
Azerbaijan,AZE,2000,233
Azerbaijan,AZE,2001,266
Azerbaijan,AZE,2002,284
Azerbaijan,AZE,2003,314
Azerbaijan,AZE,2004,345
Azerbaijan,AZE,2016,368
Azerbaijan,AZE,2017,369
Azerbaijan,AZE,2005,373
Azerbaijan,AZE,2018,375
Azerbaijan,AZE,2015,376
Azerbaijan,AZE,2019,379
Azerbaijan,AZE,2014,387
Azerbaijan,AZE,2006,392
Azerbaijan,AZE,2013,394
Azerbaijan,AZE,2012,398
Azerbaijan,AZE,2009,406
Azerbaijan,AZE,2011,406
Azerbaijan,AZE,2010,408
Azerbaijan,AZE,2008,410
Azerbaijan,AZE,2007,416
Bahamas,BHS,2002,8
Bahamas,BHS,2000,9
Bahamas,BHS,2001,9
Bahamas,BHS,2003,9
Bahamas,BHS,2004,9
Bahamas,BHS,2005,9
Bahamas,BHS,2006,9
Bahamas,BHS,2007,9
Bahamas,BHS,2008,10
Bahamas,BHS,2009,10
Bahamas,BHS,2010,10
Bahamas,BHS,2011,10
Bahamas,BHS,2012,10
Bahamas,BHS,2013,10
Bahamas,BHS,2014,11
Bahamas,BHS,2015,11
Bahamas,BHS,2016,11
Bahamas,BHS,2017,11
Bahamas,BHS,2018,11
Bahamas,BHS,2019,12
Bahrain,BHR,2000,50
Bahrain,BHR,2001,58
Bahrain,BHR,2002,61
Bahrain,BHR,2003,68
Bahrain,BHR,2004,76
Bahrain,BHR,2019,77
Bahrain,BHR,2018,78
Bahrain,BHR,2017,79
Bahrain,BHR,2016,81
Bahrain,BHR,2005,82
Bahrain,BHR,2013,84
Bahrain,BHR,2015,84
Bahrain,BHR,2012,85
Bahrain,BHR,2014,85
Bahrain,BHR,2006,86
Bahrain,BHR,2010,86
Bahrain,BHR,2011,86
Bahrain,BHR,2007,87
Bahrain,BHR,2008,89
Bahrain,BHR,2009,89
Bangladesh,BGD,2015,6857
Bangladesh,BGD,2016,6887
Bangladesh,BGD,2013,6949
Bangladesh,BGD,2014,6974
Bangladesh,BGD,2017,7096
Bangladesh,BGD,2012,7119
Bangladesh,BGD,2018,7213
Bangladesh,BGD,2019,7365
Bangladesh,BGD,2011,7534
Bangladesh,BGD,2010,8133
Bangladesh,BGD,2009,8237
Bangladesh,BGD,2004,8242
Bangladesh,BGD,2008,8250
Bangladesh,BGD,2005,8341
Bangladesh,BGD,2003,8463
Bangladesh,BGD,2007,8468
Bangladesh,BGD,2006,8481
Bangladesh,BGD,2002,8783
Bangladesh,BGD,2001,9104
Bangladesh,BGD,2000,9382
Barbados,BRB,2001,12
Barbados,BRB,2002,12
Barbados,BRB,2000,13
Barbados,BRB,2003,13
Barbados,BRB,2004,13
Barbados,BRB,2005,13
Barbados,BRB,2006,13
Barbados,BRB,2007,13
Barbados,BRB,2008,13
Barbados,BRB,2009,13
Barbados,BRB,2010,13
Barbados,BRB,2011,13
Barbados,BRB,2012,13
Barbados,BRB,2013,13
Barbados,BRB,2014,13
Barbados,BRB,2015,13
Barbados,BRB,2016,14
Barbados,BRB,2017,14
Barbados,BRB,2018,14
Barbados,BRB,2019,15
Belarus,BLR,2019,2272
Belarus,BLR,2016,2296
Belarus,BLR,2017,2317
Belarus,BLR,2018,2320
Belarus,BLR,2015,2347
Belarus,BLR,2014,2479
Belarus,BLR,2013,2622
Belarus,BLR,2012,2820
Belarus,BLR,2011,3396
Belarus,BLR,2010,3421
Belarus,BLR,2009,3510
Belarus,BLR,2008,3594
Belarus,BLR,2007,3617
Belarus,BLR,2006,3970
Belarus,BLR,2000,4097
Belarus,BLR,2004,4127
Belarus,BLR,2005,4210
Belarus,BLR,2001,4231
Belarus,BLR,2003,4255
Belarus,BLR,2002,4389
Belgium,BEL,2019,2212
Belgium,BEL,2018,2232
Belgium,BEL,2016,2233
Belgium,BEL,2006,2234
Belgium,BEL,2004,2237
Belgium,BEL,2005,2242
Belgium,BEL,2017,2243
Belgium,BEL,2015,2254
Belgium,BEL,2014,2262
Belgium,BEL,2007,2278
Belgium,BEL,2003,2292
Belgium,BEL,2002,2312
Belgium,BEL,2013,2318
Belgium,BEL,2001,2345
Belgium,BEL,2012,2358
Belgium,BEL,2000,2362
Belgium,BEL,2009,2363
Belgium,BEL,2010,2365
Belgium,BEL,2008,2369
Belgium,BEL,2011,2375
Belize,BLZ,2000,17
Belize,BLZ,2001,17
Belize,BLZ,2002,17
Belize,BLZ,2003,17
Belize,BLZ,2004,18
Belize,BLZ,2005,18
Belize,BLZ,2006,18
Belize,BLZ,2007,18
Belize,BLZ,2008,19
Belize,BLZ,2009,19
Belize,BLZ,2010,20
Belize,BLZ,2011,21
Belize,BLZ,2012,21
Belize,BLZ,2013,22
Belize,BLZ,2014,22
Belize,BLZ,2015,23
Belize,BLZ,2016,24
Belize,BLZ,2017,26
Belize,BLZ,2018,27
Belize,BLZ,2019,28
Benin,BEN,2000,431
Benin,BEN,2001,443
Benin,BEN,2002,456
Benin,BEN,2003,468
Benin,BEN,2004,480
Benin,BEN,2005,490
Benin,BEN,2006,500
Benin,BEN,2007,514
Benin,BEN,2008,532
Benin,BEN,2009,557
Benin,BEN,2010,582
Benin,BEN,2011,607
Benin,BEN,2012,623
Benin,BEN,2013,640
Benin,BEN,2014,658
Benin,BEN,2015,668
Benin,BEN,2016,690
Benin,BEN,2017,714
Benin,BEN,2018,723
Benin,BEN,2019,742
Bermuda,BMU,2000,3
Bermuda,BMU,2001,3
Bermuda,BMU,2002,3
Bermuda,BMU,2003,3
Bermuda,BMU,2004,3
Bermuda,BMU,2005,3
Bermuda,BMU,2006,3
Bermuda,BMU,2007,3
Bermuda,BMU,2008,3
Bermuda,BMU,2009,3
Bermuda,BMU,2010,3
Bermuda,BMU,2011,3
Bermuda,BMU,2012,3
Bermuda,BMU,2013,3
Bermuda,BMU,2014,3
Bermuda,BMU,2015,3
Bermuda,BMU,2016,3
Bermuda,BMU,2017,3
Bermuda,BMU,2018,3
Bermuda,BMU,2019,3
Bhutan,BTN,2001,36
Bhutan,BTN,2002,36
Bhutan,BTN,2003,36
Bhutan,BTN,2004,36
Bhutan,BTN,2005,36
Bhutan,BTN,2006,36
Bhutan,BTN,2007,36
Bhutan,BTN,2000,37
Bhutan,BTN,2008,37
Bhutan,BTN,2009,37
Bhutan,BTN,2010,38
Bhutan,BTN,2011,39
Bhutan,BTN,2012,39
Bhutan,BTN,2013,40
Bhutan,BTN,2014,40
Bhutan,BTN,2015,40
Bhutan,BTN,2017,40
Bhutan,BTN,2016,41
Bhutan,BTN,2018,41
Bhutan,BTN,2019,41
Bolivia,BOL,2000,573
Bolivia,BOL,2001,582
Bolivia,BOL,2002,598
Bolivia,BOL,2003,605
Bolivia,BOL,2004,611
Bolivia,BOL,2005,618
Bolivia,BOL,2006,625
Bolivia,BOL,2007,643
Bolivia,BOL,2008,655
Bolivia,BOL,2009,667
Bolivia,BOL,2010,676
Bolivia,BOL,2011,683
Bolivia,BOL,2012,688
Bolivia,BOL,2013,693
Bolivia,BOL,2014,695
Bolivia,BOL,2015,708
Bolivia,BOL,2016,727
Bolivia,BOL,2017,736
Bolivia,BOL,2018,742
Bolivia,BOL,2019,743
Bosnia and Herzegovina,BIH,2019,366
Bosnia and Herzegovina,BIH,2018,369
Bosnia and Herzegovina,BIH,2017,372
Bosnia and Herzegovina,BIH,2016,379
Bosnia and Herzegovina,BIH,2014,392
Bosnia and Herzegovina,BIH,2015,393
Bosnia and Herzegovina,BIH,2012,396
Bosnia and Herzegovina,BIH,2013,397
Bosnia and Herzegovina,BIH,2000,408
Bosnia and Herzegovina,BIH,2011,409
Bosnia and Herzegovina,BIH,2010,414
Bosnia and Herzegovina,BIH,2001,421
Bosnia and Herzegovina,BIH,2009,430
Bosnia and Herzegovina,BIH,2002,435
Bosnia and Herzegovina,BIH,2004,437
Bosnia and Herzegovina,BIH,2003,438
Bosnia and Herzegovina,BIH,2008,444
Bosnia and Herzegovina,BIH,2006,453
Bosnia and Herzegovina,BIH,2005,462
Bosnia and Herzegovina,BIH,2007,479
Botswana,BWA,2007,373
Botswana,BWA,2008,376
Botswana,BWA,2009,377
Botswana,BWA,2010,384
Botswana,BWA,2014,384
Botswana,BWA,2006,385
Botswana,BWA,2013,385
Botswana,BWA,2012,386
Botswana,BWA,2011,387
Botswana,BWA,2015,388
Botswana,BWA,2016,388
Botswana,BWA,2005,390
Botswana,BWA,2017,395
Botswana,BWA,2000,401
Botswana,BWA,2018,402
Botswana,BWA,2019,403
Botswana,BWA,2004,406
Botswana,BWA,2001,412
Botswana,BWA,2003,419
Botswana,BWA,2002,423
Brazil,BRA,2000,10796
Brazil,BRA,2001,10980
Brazil,BRA,2002,11143
Brazil,BRA,2003,11313
Brazil,BRA,2004,11607
Brazil,BRA,2005,11750
Brazil,BRA,2006,11967
Brazil,BRA,2007,12105
Brazil,BRA,2008,12194
Brazil,BRA,2009,12315
Brazil,BRA,2010,12440
Brazil,BRA,2011,12749
Brazil,BRA,2012,12929
Brazil,BRA,2013,13091
Brazil,BRA,2014,13205
Brazil,BRA,2015,13381
Brazil,BRA,2019,13503
Brazil,BRA,2018,13527
Brazil,BRA,2017,13683
Brazil,BRA,2016,13793
Brunei,BRN,2000,12
Brunei,BRN,2001,12
Brunei,BRN,2002,13
Brunei,BRN,2003,14
Brunei,BRN,2004,15
Brunei,BRN,2005,15
Brunei,BRN,2006,16
Brunei,BRN,2007,17
Brunei,BRN,2008,17
Brunei,BRN,2009,17
Brunei,BRN,2010,18
Brunei,BRN,2011,19
Brunei,BRN,2012,20
Brunei,BRN,2013,21
Brunei,BRN,2014,22
Brunei,BRN,2015,22
Brunei,BRN,2016,23
Brunei,BRN,2017,23
Brunei,BRN,2018,24
Brunei,BRN,2019,25
Bulgaria,BGR,2015,1060
Bulgaria,BGR,2013,1066
Bulgaria,BGR,2016,1078
Bulgaria,BGR,2014,1083
Bulgaria,BGR,2017,1083
Bulgaria,BGR,2019,1087
Bulgaria,BGR,2018,1090
Bulgaria,BGR,2012,1108
Bulgaria,BGR,2011,1149
Bulgaria,BGR,2010,1200
Bulgaria,BGR,2009,1243
Bulgaria,BGR,2008,1300
Bulgaria,BGR,2007,1357
Bulgaria,BGR,2006,1434
Bulgaria,BGR,2005,1486
Bulgaria,BGR,2004,1559
Bulgaria,BGR,2003,1661
Bulgaria,BGR,2002,1783
Bulgaria,BGR,2001,1888
Bulgaria,BGR,2000,1981
Burkina Faso,BFA,2000,851
Burkina Faso,BFA,2001,855
Burkina Faso,BFA,2002,864
Burkina Faso,BFA,2003,891
Burkina Faso,BFA,2004,922
Burkina Faso,BFA,2005,950
Burkina Faso,BFA,2006,962
Burkina Faso,BFA,2007,979
Burkina Faso,BFA,2008,990
Burkina Faso,BFA,2009,1015
Burkina Faso,BFA,2010,1066
Burkina Faso,BFA,2011,1095
Burkina Faso,BFA,2012,1167
Burkina Faso,BFA,2013,1233
Burkina Faso,BFA,2014,1296
Burkina Faso,BFA,2015,1346
Burkina Faso,BFA,2016,1417
Burkina Faso,BFA,2017,1480
Burkina Faso,BFA,2018,1530
Burkina Faso,BFA,2019,1545
Burundi,BDI,2002,598
Burundi,BDI,2001,602
Burundi,BDI,2003,602
Burundi,BDI,2004,611
Burundi,BDI,2005,618
Burundi,BDI,2006,618
Burundi,BDI,2007,619
Burundi,BDI,2000,626
Burundi,BDI,2008,626
Burundi,BDI,2009,633
Burundi,BDI,2010,648
Burundi,BDI,2011,661
Burundi,BDI,2012,678
Burundi,BDI,2013,690
Burundi,BDI,2014,696
Burundi,BDI,2015,702
Burundi,BDI,2016,714
Burundi,BDI,2017,737
Burundi,BDI,2018,774
Burundi,BDI,2019,800
Cambodia,KHM,2000,661
Cambodia,KHM,2001,669
Cambodia,KHM,2002,674
Cambodia,KHM,2003,675
Cambodia,KHM,2006,681
Cambodia,KHM,2004,682
Cambodia,KHM,2005,687
Cambodia,KHM,2007,690
Cambodia,KHM,2008,693
Cambodia,KHM,2009,696
Cambodia,KHM,2010,708
Cambodia,KHM,2011,711
Cambodia,KHM,2012,718
Cambodia,KHM,2013,724
Cambodia,KHM,2014,734
Cambodia,KHM,2015,748
Cambodia,KHM,2016,764
Cambodia,KHM,2017,775
Cambodia,KHM,2018,784
Cambodia,KHM,2019,785
Cameroon,CMR,2000,1242
Cameroon,CMR,2001,1299
Cameroon,CMR,2002,1358
Cameroon,CMR,2003,1418
Cameroon,CMR,2004,1471
Cameroon,CMR,2005,1532
Cameroon,CMR,2006,1585
Cameroon,CMR,2007,1641
Cameroon,CMR,2008,1684
Cameroon,CMR,2009,1745
Cameroon,CMR,2010,1802
Cameroon,CMR,2011,1871
Cameroon,CMR,2012,1934
Cameroon,CMR,2013,2002
Cameroon,CMR,2014,2048
Cameroon,CMR,2015,2075
Cameroon,CMR,2016,2123
Cameroon,CMR,2017,2166
Cameroon,CMR,2018,2221
Cameroon,CMR,2019,2260
Canada,CAN,2006,4267
Canada,CAN,2004,4277
Canada,CAN,2005,4301
Canada,CAN,2007,4318
Canada,CAN,2002,4333
Canada,CAN,2003,4342
Canada,CAN,2001,4349
Canada,CAN,2000,4356
Canada,CAN,2008,4359
Canada,CAN,2009,4419
Canada,CAN,2011,4426
Canada,CAN,2010,4442
Canada,CAN,2012,4547
Canada,CAN,2013,4625
Canada,CAN,2019,4699
Canada,CAN,2014,4756
Canada,CAN,2018,4764
Canada,CAN,2017,4832
Canada,CAN,2015,4834
Canada,CAN,2016,4873
Cape Verde,CPV,2000,56
Cape Verde,CPV,2001,57
Cape Verde,CPV,2002,60
Cape Verde,CPV,2003,62
Cape Verde,CPV,2004,64
Cape Verde,CPV,2006,66
Cape Verde,CPV,2005,67
Cape Verde,CPV,2007,67
Cape Verde,CPV,2008,68
Cape Verde,CPV,2009,70
Cape Verde,CPV,2010,73
Cape Verde,CPV,2011,74
Cape Verde,CPV,2012,76
Cape Verde,CPV,2013,77
Cape Verde,CPV,2014,79
Cape Verde,CPV,2015,80
Cape Verde,CPV,2016,82
Cape Verde,CPV,2019,82
Cape Verde,CPV,2018,83
Cape Verde,CPV,2017,84
Central African Republic,CAF,2000,467
Central African Republic,CAF,2001,472
Central African Republic,CAF,2002,483
Central African Republic,CAF,2003,489
Central African Republic,CAF,2004,495
Central African Republic,CAF,2005,502
Central African Republic,CAF,2006,512
Central African Republic,CAF,2007,517
Central African Republic,CAF,2008,517
Central African Republic,CAF,2009,531
Central African Republic,CAF,2010,556
Central African Republic,CAF,2012,571
Central African Republic,CAF,2011,573
Central African Republic,CAF,2014,579
Central African Republic,CAF,2013,580
Central African Republic,CAF,2015,584
Central African Republic,CAF,2016,595
Central African Republic,CAF,2017,605
Central African Republic,CAF,2018,613
Central African Republic,CAF,2019,620
Chad,TCD,2000,609
Chad,TCD,2001,634
Chad,TCD,2002,657
Chad,TCD,2003,690
Chad,TCD,2004,706
Chad,TCD,2005,719
Chad,TCD,2006,733
Chad,TCD,2007,759
Chad,TCD,2008,779
Chad,TCD,2009,796
Chad,TCD,2010,823
Chad,TCD,2011,839
Chad,TCD,2012,850
Chad,TCD,2013,856
Chad,TCD,2014,867
Chad,TCD,2015,879
Chad,TCD,2016,903
Chad,TCD,2017,930
Chad,TCD,2018,964
Chad,TCD,2019,996
Chile,CHL,2002,1852
Chile,CHL,2003,1865
Chile,CHL,2005,1887
Chile,CHL,2004,1893
Chile,CHL,2001,1902
Chile,CHL,2006,1914
Chile,CHL,2000,1917
Chile,CHL,2014,1953
Chile,CHL,2016,1953
Chile,CHL,2013,1960
Chile,CHL,2015,1963
Chile,CHL,2012,1976
Chile,CHL,2017,1976
Chile,CHL,2018,1995
Chile,CHL,2007,1999
Chile,CHL,2019,2006
Chile,CHL,2011,2031
Chile,CHL,2008,2050
Chile,CHL,2010,2088
Chile,CHL,2009,2129
China,CHN,2015,120453
China,CHN,2016,121045
China,CHN,2019,121217
China,CHN,2017,121412
China,CHN,2018,121610
China,CHN,2014,123006
China,CHN,2013,126196
China,CHN,2012,131641
China,CHN,2011,139061
China,CHN,2010,146044
China,CHN,2009,150572
China,CHN,2008,154710
China,CHN,2007,159417
China,CHN,2002,164169
China,CHN,2006,166258
China,CHN,2003,171193
China,CHN,2001,172785
China,CHN,2005,174712
China,CHN,2004,178314
China,CHN,2000,189269
Colombia,COL,2000,2378
Colombia,COL,2001,2391
Colombia,COL,2005,2616
Colombia,COL,2014,2623
Colombia,COL,2013,2628
Colombia,COL,2003,2629
Colombia,COL,2007,2648
Colombia,COL,2011,2651
Colombia,COL,2012,2653
Colombia,COL,2004,2684
Colombia,COL,2016,2687
Colombia,COL,2015,2691
Colombia,COL,2006,2709
Colombia,COL,2008,2713
Colombia,COL,2002,2729
Colombia,COL,2019,2731
Colombia,COL,2017,2739
Colombia,COL,2018,2753
Colombia,COL,2010,2791
Colombia,COL,2009,2840
Comoros,COM,2006,27
Comoros,COM,2004,28
Comoros,COM,2010,28
Comoros,COM,2011,29
Comoros,COM,2005,30
Comoros,COM,2009,30
Comoros,COM,2012,30
Comoros,COM,2003,31
Comoros,COM,2007,31
Comoros,COM,2000,32
Comoros,COM,2001,32
Comoros,COM,2002,32
Comoros,COM,2008,32
Comoros,COM,2013,32
Comoros,COM,2014,40
Comoros,COM,2015,40
Comoros,COM,2016,41
Comoros,COM,2018,41
Comoros,COM,2019,41
Comoros,COM,2017,42
Congo,COG,2002,306
Congo,COG,2001,315
Congo,COG,2003,316
Congo,COG,2004,319
Congo,COG,2005,323
Congo,COG,2006,326
Congo,COG,2007,332
Congo,COG,2000,334
Congo,COG,2008,337
Congo,COG,2009,342
Congo,COG,2011,343
Congo,COG,2010,344
Congo,COG,2012,356
Congo,COG,2013,364
Congo,COG,2014,371
Congo,COG,2015,376
Congo,COG,2016,383
Congo,COG,2017,394
Congo,COG,2018,408
Congo,COG,2019,423
Cook Islands,COK,2000,2
Cook Islands,COK,2001,2
Cook Islands,COK,2002,2
Cook Islands,COK,2003,2
Cook Islands,COK,2004,2
Cook Islands,COK,2005,2
Cook Islands,COK,2006,2
Cook Islands,COK,2007,2
Cook Islands,COK,2008,2
Cook Islands,COK,2009,2
Cook Islands,COK,2010,2
Cook Islands,COK,2011,2
Cook Islands,COK,2012,2
Cook Islands,COK,2013,2
Cook Islands,COK,2014,2
Cook Islands,COK,2015,2
Cook Islands,COK,2016,2
Cook Islands,COK,2017,2
Cook Islands,COK,2018,2
Cook Islands,COK,2019,2
Costa Rica,CRI,2000,268
Costa Rica,CRI,2001,276
Costa Rica,CRI,2002,297
Costa Rica,CRI,2007,303
Costa Rica,CRI,2009,305
Costa Rica,CRI,2005,306
Costa Rica,CRI,2008,310
Costa Rica,CRI,2003,315
Costa Rica,CRI,2004,330
Costa Rica,CRI,2014,330
Costa Rica,CRI,2011,331
Costa Rica,CRI,2012,334
Costa Rica,CRI,2013,335
Costa Rica,CRI,2006,338
Costa Rica,CRI,2010,341
Costa Rica,CRI,2015,357
Costa Rica,CRI,2016,386
Costa Rica,CRI,2019,389
Costa Rica,CRI,2018,390
Costa Rica,CRI,2017,397
Cote d'Ivoire,CIV,2000,1511
Cote d'Ivoire,CIV,2001,1542
Cote d'Ivoire,CIV,2002,1561
Cote d'Ivoire,CIV,2003,1591
Cote d'Ivoire,CIV,2004,1609
Cote d'Ivoire,CIV,2005,1613
Cote d'Ivoire,CIV,2006,1622
Cote d'Ivoire,CIV,2007,1628
Cote d'Ivoire,CIV,2008,1630
Cote d'Ivoire,CIV,2009,1661
Cote d'Ivoire,CIV,2010,1698
Cote d'Ivoire,CIV,2011,1734
Cote d'Ivoire,CIV,2012,1785
Cote d'Ivoire,CIV,2013,1864
Cote d'Ivoire,CIV,2016,1911
Cote d'Ivoire,CIV,2014,1916
Cote d'Ivoire,CIV,2017,1919
Cote d'Ivoire,CIV,2015,1928
Cote d'Ivoire,CIV,2019,1960
Cote d'Ivoire,CIV,2018,1969
Croatia,HRV,2019,694
Croatia,HRV,2018,698
Croatia,HRV,2017,701
Croatia,HRV,2016,704
Croatia,HRV,2014,735
Croatia,HRV,2013,736
Croatia,HRV,2015,753
Croatia,HRV,2011,774
Croatia,HRV,2012,777
Croatia,HRV,2010,793
Croatia,HRV,2009,820
Croatia,HRV,2006,867
Croatia,HRV,2007,869
Croatia,HRV,2008,872
Croatia,HRV,2004,906
Croatia,HRV,2005,911
Croatia,HRV,2003,960
Croatia,HRV,2002,973
Croatia,HRV,2001,990
Croatia,HRV,2000,1015
Cuba,CUB,2006,1574
Cuba,CUB,2007,1575
Cuba,CUB,2011,1590
Cuba,CUB,2008,1595
Cuba,CUB,2009,1634
Cuba,CUB,2012,1654
Cuba,CUB,2013,1656
Cuba,CUB,2004,1657
Cuba,CUB,2005,1659
Cuba,CUB,2014,1661
Cuba,CUB,2010,1670
Cuba,CUB,2003,1689
Cuba,CUB,2015,1712
Cuba,CUB,2016,1713
Cuba,CUB,2002,1729
Cuba,CUB,2019,1736
Cuba,CUB,2017,1778
Cuba,CUB,2018,1778
Cuba,CUB,2001,1888
Cuba,CUB,2000,1991
Cyprus,CYP,2000,50
Cyprus,CYP,2001,50
Cyprus,CYP,2002,50
Cyprus,CYP,2003,50
Cyprus,CYP,2004,50
Cyprus,CYP,2005,52
Cyprus,CYP,2006,53
Cyprus,CYP,2007,56
Cyprus,CYP,2011,57
Cyprus,CYP,2008,58
Cyprus,CYP,2009,58
Cyprus,CYP,2010,58
Cyprus,CYP,2012,58
Cyprus,CYP,2013,60
Cyprus,CYP,2014,62
Cyprus,CYP,2015,62
Cyprus,CYP,2016,63
Cyprus,CYP,2017,64
Cyprus,CYP,2018,65
Cyprus,CYP,2019,67
Czechia,CZE,2019,1480
Czechia,CZE,2018,1512
Czechia,CZE,2017,1525
Czechia,CZE,2016,1534
Czechia,CZE,2015,1570
Czechia,CZE,2014,1598
Czechia,CZE,2013,1674
Czechia,CZE,2012,1716
Czechia,CZE,2006,1719
Czechia,CZE,2009,1727
Czechia,CZE,2010,1730
Czechia,CZE,2007,1733
Czechia,CZE,2008,1736
Czechia,CZE,2011,1737
Czechia,CZE,2005,1789
Czechia,CZE,2004,1816
Czechia,CZE,2002,1818
Czechia,CZE,2000,1843
Czechia,CZE,2001,1861
Czechia,CZE,2003,1873
Democratic Republic of Congo,COD,2000,3661
Democratic Republic of Congo,COD,2001,3752
Democratic Republic of Congo,COD,2002,3791
Democratic Republic of Congo,COD,2003,3953
Democratic Republic of Congo,COD,2004,3985
Democratic Republic of Congo,COD,2005,4043
Democratic Republic of Congo,COD,2006,4138
Democratic Republic of Congo,COD,2007,4212
Democratic Republic of Congo,COD,2008,4344
Democratic Republic of Congo,COD,2009,4459
Democratic Republic of Congo,COD,2010,4582
Democratic Republic of Congo,COD,2011,4755
Democratic Republic of Congo,COD,2012,4904
Democratic Republic of Congo,COD,2013,5064
Democratic Republic of Congo,COD,2014,5218
Democratic Republic of Congo,COD,2015,5296
Democratic Republic of Congo,COD,2016,5416
Democratic Republic of Congo,COD,2017,5562
Democratic Republic of Congo,COD,2018,5796
Democratic Republic of Congo,COD,2019,5980
Denmark,DNK,2015,651
Denmark,DNK,2014,661
Denmark,DNK,2016,661
Denmark,DNK,2019,668
Denmark,DNK,2013,671
Denmark,DNK,2017,671
Denmark,DNK,2018,673
Denmark,DNK,2012,683
Denmark,DNK,2011,692
Denmark,DNK,2010,708
Denmark,DNK,2009,729
Denmark,DNK,2008,739
Denmark,DNK,2007,756
Denmark,DNK,2006,764
Denmark,DNK,2005,765
Denmark,DNK,2004,796
Denmark,DNK,2003,815
Denmark,DNK,2002,846
Denmark,DNK,2001,863
Denmark,DNK,2000,889
Djibouti,DJI,2000,37
Djibouti,DJI,2001,38
Djibouti,DJI,2002,40
Djibouti,DJI,2003,40
Djibouti,DJI,2004,45
Djibouti,DJI,2005,46
Djibouti,DJI,2006,47
Djibouti,DJI,2007,50
Djibouti,DJI,2008,52
Djibouti,DJI,2009,52
Djibouti,DJI,2010,55
Djibouti,DJI,2011,58
Djibouti,DJI,2012,60
Djibouti,DJI,2013,61
Djibouti,DJI,2014,61
Djibouti,DJI,2015,64
Djibouti,DJI,2016,65
Djibouti,DJI,2017,69
Djibouti,DJI,2018,72
Djibouti,DJI,2019,75
Dominica,DMA,2000,4
Dominica,DMA,2001,4
Dominica,DMA,2002,4
Dominica,DMA,2003,4
Dominica,DMA,2004,4
Dominica,DMA,2005,4
Dominica,DMA,2006,4
Dominica,DMA,2007,4
Dominica,DMA,2008,4
Dominica,DMA,2009,4
Dominica,DMA,2010,4
Dominica,DMA,2011,4
Dominica,DMA,2012,4
Dominica,DMA,2013,4
Dominica,DMA,2014,4
Dominica,DMA,2015,4
Dominica,DMA,2016,4
Dominica,DMA,2017,4
Dominica,DMA,2018,4
Dominica,DMA,2019,4
Dominican Republic,DOM,2000,450
Dominican Republic,DOM,2001,467
Dominican Republic,DOM,2002,495
Dominican Republic,DOM,2003,531
Dominican Republic,DOM,2004,570
Dominican Republic,DOM,2005,593
Dominican Republic,DOM,2010,595
Dominican Republic,DOM,2009,600
Dominican Republic,DOM,2011,601
Dominican Republic,DOM,2008,604
Dominican Republic,DOM,2006,610
Dominican Republic,DOM,2007,610
Dominican Republic,DOM,2012,637
Dominican Republic,DOM,2019,671
Dominican Republic,DOM,2013,682
Dominican Republic,DOM,2018,686
Dominican Republic,DOM,2014,704
Dominican Republic,DOM,2017,705
Dominican Republic,DOM,2015,720
Dominican Republic,DOM,2016,724
Ecuador,ECU,2000,839
Ecuador,ECU,2001,869
Ecuador,ECU,2002,1001
Ecuador,ECU,2003,1087
Ecuador,ECU,2004,1168
Ecuador,ECU,2005,1277
Ecuador,ECU,2006,1331
Ecuador,ECU,2007,1401
Ecuador,ECU,2008,1472
Ecuador,ECU,2009,1514
Ecuador,ECU,2014,1529
Ecuador,ECU,2015,1539
Ecuador,ECU,2013,1540
Ecuador,ECU,2011,1548
Ecuador,ECU,2010,1551
Ecuador,ECU,2012,1562
Ecuador,ECU,2016,1569
Ecuador,ECU,2017,1619
Ecuador,ECU,2018,1645
Ecuador,ECU,2019,1678
Egypt,EGY,2000,1980
Egypt,EGY,2001,2088
Egypt,EGY,2002,2150
Egypt,EGY,2003,2201
Egypt,EGY,2004,2216
Egypt,EGY,2005,2240
Egypt,EGY,2006,2306
Egypt,EGY,2007,2312
Egypt,EGY,2008,2381
Egypt,EGY,2009,2484
Egypt,EGY,2010,2593
Egypt,EGY,2011,2672
Egypt,EGY,2013,2796
Egypt,EGY,2012,2797
Egypt,EGY,2014,2840
Egypt,EGY,2015,2921
Egypt,EGY,2016,2950
Egypt,EGY,2017,3006
Egypt,EGY,2018,3051
Egypt,EGY,2019,3105
El Salvador,SLV,2012,450
El Salvador,SLV,2002,462
El Salvador,SLV,2013,465
El Salvador,SLV,2008,472
El Salvador,SLV,2003,474
El Salvador,SLV,2010,481
El Salvador,SLV,2007,488
El Salvador,SLV,2004,491
El Salvador,SLV,2001,496
El Salvador,SLV,2005,496
El Salvador,SLV,2006,499
El Salvador,SLV,2011,506
El Salvador,SLV,2009,508
El Salvador,SLV,2000,515
El Salvador,SLV,2014,530
El Salvador,SLV,2019,531
El Salvador,SLV,2017,540
El Salvador,SLV,2018,540
El Salvador,SLV,2016,543
El Salvador,SLV,2015,546
Equatorial Guinea,GNQ,2002,39
Equatorial Guinea,GNQ,2003,40
Equatorial Guinea,GNQ,2001,41
Equatorial Guinea,GNQ,2004,41
Equatorial Guinea,GNQ,2005,42
Equatorial Guinea,GNQ,2000,43
Equatorial Guinea,GNQ,2006,43
Equatorial Guinea,GNQ,2007,44
Equatorial Guinea,GNQ,2008,45
Equatorial Guinea,GNQ,2009,48
Equatorial Guinea,GNQ,2010,51
Equatorial Guinea,GNQ,2011,55
Equatorial Guinea,GNQ,2012,57
Equatorial Guinea,GNQ,2013,58
Equatorial Guinea,GNQ,2014,60
Equatorial Guinea,GNQ,2015,64
Equatorial Guinea,GNQ,2016,68
Equatorial Guinea,GNQ,2017,71
Equatorial Guinea,GNQ,2018,74
Equatorial Guinea,GNQ,2019,77
Eritrea,ERI,2000,341
Eritrea,ERI,2001,346
Eritrea,ERI,2002,379
Eritrea,ERI,2003,394
Eritrea,ERI,2004,411
Eritrea,ERI,2005,421
Eritrea,ERI,2006,431
Eritrea,ERI,2007,441
Eritrea,ERI,2008,454
Eritrea,ERI,2009,464
Eritrea,ERI,2010,470
Eritrea,ERI,2011,476
Eritrea,ERI,2012,488
Eritrea,ERI,2013,498
Eritrea,ERI,2014,506
Eritrea,ERI,2015,520
Eritrea,ERI,2016,530
Eritrea,ERI,2017,544
Eritrea,ERI,2018,561
Eritrea,ERI,2019,580
Estonia,EST,2019,208
Estonia,EST,2018,211
Estonia,EST,2016,212
Estonia,EST,2015,213
Estonia,EST,2017,213
Estonia,EST,2013,226
Estonia,EST,2014,228
Estonia,EST,2010,249
Estonia,EST,2011,249
Estonia,EST,2012,250
Estonia,EST,2009,278
Estonia,EST,2008,300
Estonia,EST,2006,341
Estonia,EST,2007,341
Estonia,EST,2005,351
Estonia,EST,2004,378
Estonia,EST,2003,397
Estonia,EST,2002,434
Estonia,EST,2000,453
Estonia,EST,2001,463
Eswatini,SWZ,2000,176
Eswatini,SWZ,2001,192
Eswatini,SWZ,2002,206
Eswatini,SWZ,2003,217
Eswatini,SWZ,2004,225
Eswatini,SWZ,2019,226
Eswatini,SWZ,2016,227
Eswatini,SWZ,2017,227
Eswatini,SWZ,2018,227
Eswatini,SWZ,2014,228
Eswatini,SWZ,2015,228
Eswatini,SWZ,2011,229
Eswatini,SWZ,2012,229
Eswatini,SWZ,2013,229
Eswatini,SWZ,2005,230
Eswatini,SWZ,2006,230
Eswatini,SWZ,2007,232
Eswatini,SWZ,2010,233
Eswatini,SWZ,2008,234
Eswatini,SWZ,2009,236
Ethiopia,ETH,2013,5045
Ethiopia,ETH,2014,5050
Ethiopia,ETH,2015,5088
Ethiopia,ETH,2012,5184
Ethiopia,ETH,2016,5213
Ethiopia,ETH,2011,5313
Ethiopia,ETH,2010,5361
Ethiopia,ETH,2017,5367
Ethiopia,ETH,2009,5408
Ethiopia,ETH,2008,5419
Ethiopia,ETH,2007,5468
Ethiopia,ETH,2018,5527
Ethiopia,ETH,2006,5534
Ethiopia,ETH,2005,5578
Ethiopia,ETH,2004,5609
Ethiopia,ETH,2003,5645
Ethiopia,ETH,2019,5655
Ethiopia,ETH,2002,5693
Ethiopia,ETH,2001,5766
Ethiopia,ETH,2000,5900
Fiji,FJI,2004,79
Fiji,FJI,2006,80
Fiji,FJI,2002,81
Fiji,FJI,2005,81
Fiji,FJI,2007,81
Fiji,FJI,2009,81
Fiji,FJI,2010,82
Fiji,FJI,2001,83
Fiji,FJI,2003,83
Fiji,FJI,2008,83
Fiji,FJI,2011,84
Fiji,FJI,2019,84
Fiji,FJI,2000,85
Fiji,FJI,2013,85
Fiji,FJI,2014,85
Fiji,FJI,2015,85
Fiji,FJI,2016,85
Fiji,FJI,2017,85
Fiji,FJI,2018,85
Fiji,FJI,2012,86
Finland,FIN,2015,822
Finland,FIN,2016,824
Finland,FIN,2017,826
Finland,FIN,2018,839
Finland,FIN,2014,860
Finland,FIN,2019,873
Finland,FIN,2013,914
Finland,FIN,2012,952
Finland,FIN,2011,993
Finland,FIN,2010,1040
Finland,FIN,2009,1068
Finland,FIN,2008,1078
Finland,FIN,2006,1085
Finland,FIN,2007,1089
Finland,FIN,2005,1097
Finland,FIN,2004,1122
Finland,FIN,2003,1144
Finland,FIN,2002,1182
Finland,FIN,2001,1244
Finland,FIN,2000,1291
France,FRA,2016,10971
France,FRA,2019,11014
France,FRA,2017,11037
France,FRA,2018,11048
France,FRA,2014,11327
France,FRA,2015,11367
France,FRA,2013,11738
France,FRA,2012,12090
France,FRA,2006,12343
France,FRA,2007,12345
France,FRA,2005,12448
France,FRA,2011,12492
France,FRA,2004,12515
France,FRA,2008,12531
France,FRA,2010,12735
France,FRA,2009,12767
France,FRA,2003,12971
France,FRA,2002,13111
France,FRA,2001,13200
France,FRA,2000,13283
Gabon,GAB,2000,137
Gabon,GAB,2002,140
Gabon,GAB,2001,141
Gabon,GAB,2003,143
Gabon,GAB,2004,143
Gabon,GAB,2005,143
Gabon,GAB,2006,145
Gabon,GAB,2007,149
Gabon,GAB,2010,151
Gabon,GAB,2008,152
Gabon,GAB,2009,153
Gabon,GAB,2011,153
Gabon,GAB,2012,154
Gabon,GAB,2013,155
Gabon,GAB,2014,157
Gabon,GAB,2015,160
Gabon,GAB,2016,163
Gabon,GAB,2017,167
Gabon,GAB,2018,170
Gabon,GAB,2019,172
Gambia,GMB,2000,68
Gambia,GMB,2001,69
Gambia,GMB,2002,72
Gambia,GMB,2003,77
Gambia,GMB,2004,86
Gambia,GMB,2011,88
Gambia,GMB,2005,90
Gambia,GMB,2006,90
Gambia,GMB,2008,90
Gambia,GMB,2012,91
Gambia,GMB,2007,92
Gambia,GMB,2009,93
Gambia,GMB,2010,94
Gambia,GMB,2013,96
Gambia,GMB,2015,105
Gambia,GMB,2014,106
Gambia,GMB,2016,113
Gambia,GMB,2017,122
Gambia,GMB,2018,124
Gambia,GMB,2019,129
Georgia,GEO,2006,249
Georgia,GEO,2007,258
Georgia,GEO,2005,259
Georgia,GEO,2008,285
Georgia,GEO,2003,287
Georgia,GEO,2004,290
Georgia,GEO,2001,298
Georgia,GEO,2002,303
Georgia,GEO,2009,306
Georgia,GEO,2010,307
Georgia,GEO,2011,309
Georgia,GEO,2000,311
Georgia,GEO,2012,312
Georgia,GEO,2019,313
Georgia,GEO,2018,317
Georgia,GEO,2013,321
Georgia,GEO,2017,322
Georgia,GEO,2014,329
Georgia,GEO,2016,329
Georgia,GEO,2015,332
Germany,DEU,2008,11156
Germany,DEU,2007,11160
Germany,DEU,2012,11254
Germany,DEU,2009,11257
Germany,DEU,2011,11284
Germany,DEU,2006,11322
Germany,DEU,2010,11343
Germany,DEU,2014,11379
Germany,DEU,2013,11413
Germany,DEU,2016,11613
Germany,DEU,2017,11614
Germany,DEU,2005,11625
Germany,DEU,2018,11637
Germany,DEU,2015,11658
Germany,DEU,2019,11664
Germany,DEU,2004,11950
Germany,DEU,2003,12360
Germany,DEU,2002,12435
Germany,DEU,2001,12541
Germany,DEU,2000,12844
Ghana,GHA,2000,1068
Ghana,GHA,2001,1156
Ghana,GHA,2002,1231
Ghana,GHA,2003,1307
Ghana,GHA,2004,1388
Ghana,GHA,2005,1442
Ghana,GHA,2006,1483
Ghana,GHA,2007,1515
Ghana,GHA,2008,1565
Ghana,GHA,2009,1627
Ghana,GHA,2010,1691
Ghana,GHA,2011,1751
Ghana,GHA,2012,1790
Ghana,GHA,2013,1832
Ghana,GHA,2014,1882
Ghana,GHA,2015,1923
Ghana,GHA,2016,1992
Ghana,GHA,2018,2042
Ghana,GHA,2017,2043
Ghana,GHA,2019,2065
Greece,GRC,2002,413
Greece,GRC,2001,418
Greece,GRC,2003,421
Greece,GRC,2000,427
Greece,GRC,2004,428
Greece,GRC,2005,437
Greece,GRC,2006,438
Greece,GRC,2007,449
Greece,GRC,2008,459
Greece,GRC,2009,476
Greece,GRC,2010,484
Greece,GRC,2019,500
Greece,GRC,2018,504
Greece,GRC,2011,505
Greece,GRC,2017,505
Greece,GRC,2013,516
Greece,GRC,2016,517
Greece,GRC,2012,520
Greece,GRC,2014,520
Greece,GRC,2015,522
Greenland,GRL,2019,34
Greenland,GRL,2018,35
Greenland,GRL,2017,36
Greenland,GRL,2015,37
Greenland,GRL,2016,37
Greenland,GRL,2014,39
Greenland,GRL,2013,40
Greenland,GRL,2012,41
Greenland,GRL,2011,42
Greenland,GRL,2008,44
Greenland,GRL,2009,44
Greenland,GRL,2010,44
Greenland,GRL,2006,45
Greenland,GRL,2007,45
Greenland,GRL,2004,46
Greenland,GRL,2005,46
Greenland,GRL,2003,47
Greenland,GRL,2000,48
Greenland,GRL,2001,48
Greenland,GRL,2002,48
Grenada,GRD,2000,5
Grenada,GRD,2001,5
Grenada,GRD,2002,5
Grenada,GRD,2003,5
Grenada,GRD,2004,5
Grenada,GRD,2005,5
Grenada,GRD,2006,5
Grenada,GRD,2007,5
Grenada,GRD,2008,5
Grenada,GRD,2009,5
Grenada,GRD,2010,5
Grenada,GRD,2011,5
Grenada,GRD,2012,5
Grenada,GRD,2013,5
Grenada,GRD,2014,5
Grenada,GRD,2015,5
Grenada,GRD,2016,5
Grenada,GRD,2017,5
Grenada,GRD,2018,5
Grenada,GRD,2019,5
Guam,GUM,2004,24
Guam,GUM,2005,24
Guam,GUM,2001,25
Guam,GUM,2002,25
Guam,GUM,2003,25
Guam,GUM,2006,25
Guam,GUM,2007,25
Guam,GUM,2000,26
Guam,GUM,2008,26
Guam,GUM,2009,27
Guam,GUM,2010,28
Guam,GUM,2011,28
Guam,GUM,2012,29
Guam,GUM,2013,30
Guam,GUM,2014,31
Guam,GUM,2015,32
Guam,GUM,2018,32
Guam,GUM,2019,32
Guam,GUM,2016,33
Guam,GUM,2017,33
Guatemala,GTM,2013,820
Guatemala,GTM,2014,823
Guatemala,GTM,2015,834
Guatemala,GTM,2012,844
Guatemala,GTM,2016,860
Guatemala,GTM,2011,877
Guatemala,GTM,2017,891
Guatemala,GTM,2018,917
Guatemala,GTM,2010,918
Guatemala,GTM,2009,939
Guatemala,GTM,2019,953
Guatemala,GTM,2008,1008
Guatemala,GTM,2000,1023
Guatemala,GTM,2007,1072
Guatemala,GTM,2001,1129
Guatemala,GTM,2002,1140
Guatemala,GTM,2005,1147
Guatemala,GTM,2006,1150
Guatemala,GTM,2003,1168
Guatemala,GTM,2004,1203
Guinea,GIN,2000,513
Guinea,GIN,2001,533
Guinea,GIN,2002,552
Guinea,GIN,2003,567
Guinea,GIN,2004,585
Guinea,GIN,2005,599
Guinea,GIN,2006,623
Guinea,GIN,2007,640
Guinea,GIN,2008,651
Guinea,GIN,2009,670
Guinea,GIN,2010,691
Guinea,GIN,2011,707
Guinea,GIN,2012,721
Guinea,GIN,2013,742
Guinea,GIN,2014,769
Guinea,GIN,2015,783
Guinea,GIN,2016,790
Guinea,GIN,2017,794
Guinea,GIN,2018,803
Guinea,GIN,2019,805
Guinea-Bissau,GNB,2000,112
Guinea-Bissau,GNB,2001,114
Guinea-Bissau,GNB,2002,117
Guinea-Bissau,GNB,2003,121
Guinea-Bissau,GNB,2004,126
Guinea-Bissau,GNB,2005,128
Guinea-Bissau,GNB,2006,131
Guinea-Bissau,GNB,2007,134
Guinea-Bissau,GNB,2008,137
Guinea-Bissau,GNB,2009,140
Guinea-Bissau,GNB,2010,143
Guinea-Bissau,GNB,2011,145
Guinea-Bissau,GNB,2012,147
Guinea-Bissau,GNB,2013,150
Guinea-Bissau,GNB,2014,153
Guinea-Bissau,GNB,2015,155
Guinea-Bissau,GNB,2016,158
Guinea-Bissau,GNB,2017,159
Guinea-Bissau,GNB,2018,161
Guinea-Bissau,GNB,2019,163
Guyana,GUY,2000,221
Guyana,GUY,2008,243
Guyana,GUY,2009,244
Guyana,GUY,2001,247
Guyana,GUY,2005,247
Guyana,GUY,2006,247
Guyana,GUY,2007,247
Guyana,GUY,2019,250
Guyana,GUY,2002,253
Guyana,GUY,2003,255
Guyana,GUY,2004,256
Guyana,GUY,2010,256
Guyana,GUY,2011,258
Guyana,GUY,2013,262
Guyana,GUY,2015,262
Guyana,GUY,2016,263
Guyana,GUY,2018,263
Guyana,GUY,2012,266
Guyana,GUY,2017,267
Guyana,GUY,2014,268
Haiti,HTI,2000,650
Haiti,HTI,2001,676
Haiti,HTI,2002,686
Haiti,HTI,2003,709
Haiti,HTI,2004,738
Haiti,HTI,2005,752
Haiti,HTI,2006,765
Haiti,HTI,2007,789
Haiti,HTI,2008,799
Haiti,HTI,2009,810
Haiti,HTI,2010,814
Haiti,HTI,2011,850
Haiti,HTI,2012,869
Haiti,HTI,2013,898
Haiti,HTI,2014,925
Haiti,HTI,2015,952
Haiti,HTI,2016,971
Haiti,HTI,2017,989
Haiti,HTI,2018,1004
Haiti,HTI,2019,1017
Honduras,HND,2000,169
Honduras,HND,2001,174
Honduras,HND,2002,180
Honduras,HND,2003,188
Honduras,HND,2004,191
Honduras,HND,2005,196
Honduras,HND,2006,199
Honduras,HND,2012,202
Honduras,HND,2007,203
Honduras,HND,2008,204
Honduras,HND,2009,204
Honduras,HND,2010,205
Honduras,HND,2011,205
Honduras,HND,2013,207
Honduras,HND,2014,212
Honduras,HND,2015,218
Honduras,HND,2016,223
Honduras,HND,2017,229
Honduras,HND,2018,235
Honduras,HND,2019,241
Hungary,HUN,2019,1902
Hungary,HUN,2017,1956
Hungary,HUN,2018,1956
Hungary,HUN,2016,2001
Hungary,HUN,2015,2122
Hungary,HUN,2014,2132
Hungary,HUN,2013,2179
Hungary,HUN,2012,2314
Hungary,HUN,2011,2369
Hungary,HUN,2010,2442
Hungary,HUN,2009,2517
Hungary,HUN,2008,2524
Hungary,HUN,2007,2623
Hungary,HUN,2006,2627
Hungary,HUN,2005,2719
Hungary,HUN,2004,2722
Hungary,HUN,2003,2804
Hungary,HUN,2002,2847
Hungary,HUN,2001,2902
Hungary,HUN,2000,3072
Iceland,ISL,2002,35
Iceland,ISL,2003,35
Iceland,ISL,2004,35
Iceland,ISL,2005,35
Iceland,ISL,2001,36
Iceland,ISL,2006,36
Iceland,ISL,2007,36
Iceland,ISL,2014,36
Iceland,ISL,2000,37
Iceland,ISL,2008,37
Iceland,ISL,2009,37
Iceland,ISL,2010,37
Iceland,ISL,2011,37
Iceland,ISL,2012,37
Iceland,ISL,2013,37
Iceland,ISL,2015,37
Iceland,ISL,2016,37
Iceland,ISL,2017,37
Iceland,ISL,2018,37
Iceland,ISL,2019,37
India,IND,2016,180170
India,IND,2015,180206
India,IND,2017,182499
India,IND,2014,183993
India,IND,2003,187799
India,IND,2004,188096
India,IND,2009,190547
India,IND,2018,191822
India,IND,2013,192867
India,IND,2002,193855
India,IND,2005,193890
India,IND,2008,194152
India,IND,2010,194573
India,IND,2019,195336
India,IND,2007,195456
India,IND,2001,196731
India,IND,2006,197521
India,IND,2012,198142
India,IND,2000,198344
India,IND,2011,198645
Indonesia,IDN,2014,7399
Indonesia,IDN,2015,7410
Indonesia,IDN,2016,7454
Indonesia,IDN,2013,7474
Indonesia,IDN,2012,7523
Indonesia,IDN,2017,7538
Indonesia,IDN,2018,7589
Indonesia,IDN,2010,7626
Indonesia,IDN,2011,7631
Indonesia,IDN,2019,7658
Indonesia,IDN,2000,7676
Indonesia,IDN,2009,7691
Indonesia,IDN,2008,7704
Indonesia,IDN,2001,7714
Indonesia,IDN,2007,7725
Indonesia,IDN,2006,7788
Indonesia,IDN,2002,7792
Indonesia,IDN,2003,7830
Indonesia,IDN,2005,7844
Indonesia,IDN,2004,7859
Iran,IRN,2019,4172
Iran,IRN,2018,4474
Iran,IRN,2000,4545
Iran,IRN,2017,4617
Iran,IRN,2016,4656
Iran,IRN,2001,4666
Iran,IRN,2015,4676
Iran,IRN,2006,4726
Iran,IRN,2014,4729
Iran,IRN,2002,4730
Iran,IRN,2009,4753
Iran,IRN,2005,4765
Iran,IRN,2013,4771
Iran,IRN,2007,4772
Iran,IRN,2008,4775
Iran,IRN,2003,4778
Iran,IRN,2012,4783
Iran,IRN,2004,4800
Iran,IRN,2011,4802
Iran,IRN,2010,4816
Iraq,IRQ,2000,1248
Iraq,IRQ,2001,1288
Iraq,IRQ,2002,1327
Iraq,IRQ,2006,1371
Iraq,IRQ,2003,1375
Iraq,IRQ,2005,1376
Iraq,IRQ,2004,1391
Iraq,IRQ,2007,1392
Iraq,IRQ,2008,1403
Iraq,IRQ,2009,1515
Iraq,IRQ,2010,1626
Iraq,IRQ,2011,1735
Iraq,IRQ,2012,1841
Iraq,IRQ,2013,1961
Iraq,IRQ,2014,1987
Iraq,IRQ,2015,2015
Iraq,IRQ,2016,2032
Iraq,IRQ,2017,2064
Iraq,IRQ,2019,2075
Iraq,IRQ,2018,2093
Ireland,IRL,2019,435
Ireland,IRL,2017,441
Ireland,IRL,2018,441
Ireland,IRL,2016,446
Ireland,IRL,2015,464
Ireland,IRL,2014,490
Ireland,IRL,2013,510
Ireland,IRL,2003,521
Ireland,IRL,2004,529
Ireland,IRL,2005,533
Ireland,IRL,2002,535
Ireland,IRL,2006,538
Ireland,IRL,2000,539
Ireland,IRL,2012,540
Ireland,IRL,2001,541
Ireland,IRL,2007,545
Ireland,IRL,2010,557
Ireland,IRL,2008,565
Ireland,IRL,2011,565
Ireland,IRL,2009,593
Israel,ISR,2014,509
Israel,ISR,2015,512
Israel,ISR,2013,514
Israel,ISR,2016,516
Israel,ISR,2012,521
Israel,ISR,2017,522
Israel,ISR,2011,531
Israel,ISR,2006,532
Israel,ISR,2018,533
Israel,ISR,2004,534
Israel,ISR,2007,534
Israel,ISR,2008,535
Israel,ISR,2009,539
Israel,ISR,2005,543
Israel,ISR,2010,543
Israel,ISR,2019,545
Israel,ISR,2003,546
Israel,ISR,2002,557
Israel,ISR,2000,559
Israel,ISR,2001,568
Italy,ITA,2017,4230
Italy,ITA,2018,4269
Italy,ITA,2016,4275
Italy,ITA,2019,4315
Italy,ITA,2014,4390
Italy,ITA,2006,4393
Italy,ITA,2007,4402
Italy,ITA,2015,4409
Italy,ITA,2005,4414
Italy,ITA,2008,4442
Italy,ITA,2010,4458
Italy,ITA,2009,4465
Italy,ITA,2013,4479
Italy,ITA,2004,4488
Italy,ITA,2011,4501
Italy,ITA,2012,4517
Italy,ITA,2003,4656
Italy,ITA,2002,4770
Italy,ITA,2001,4888
Italy,ITA,2000,4992
Jamaica,JAM,2005,53
Jamaica,JAM,2006,55
Jamaica,JAM,2004,56
Jamaica,JAM,2003,60
Jamaica,JAM,2002,63
Jamaica,JAM,2001,64
Jamaica,JAM,2007,64
Jamaica,JAM,2000,65
Jamaica,JAM,2010,70
Jamaica,JAM,2013,74
Jamaica,JAM,2012,76
Jamaica,JAM,2008,80
Jamaica,JAM,2014,80
Jamaica,JAM,2011,81
Jamaica,JAM,2015,81
Jamaica,JAM,2016,82
Jamaica,JAM,2009,83
Jamaica,JAM,2017,83
Jamaica,JAM,2018,85
Jamaica,JAM,2019,89
Japan,JPN,2017,24733
Japan,JPN,2019,24773
Japan,JPN,2018,24817
Japan,JPN,2016,25559
Japan,JPN,2015,26434
Japan,JPN,2014,27577
Japan,JPN,2013,28632
Japan,JPN,2012,29611
Japan,JPN,2011,30864
Japan,JPN,2010,31483
Japan,JPN,2000,31590
Japan,JPN,2001,31872
Japan,JPN,2009,32006
Japan,JPN,2002,32351
Japan,JPN,2008,32392
Japan,JPN,2007,32804
Japan,JPN,2006,33081
Japan,JPN,2004,33223
Japan,JPN,2003,33249
Japan,JPN,2005,33536
Jordan,JOR,2007,143
Jordan,JOR,2002,144
Jordan,JOR,2006,145
Jordan,JOR,2008,145
Jordan,JOR,2009,145
Jordan,JOR,2001,146
Jordan,JOR,2000,148
Jordan,JOR,2003,148
Jordan,JOR,2005,148
Jordan,JOR,2010,148
Jordan,JOR,2004,150
Jordan,JOR,2011,156
Jordan,JOR,2012,168
Jordan,JOR,2013,176
Jordan,JOR,2014,186
Jordan,JOR,2015,197
Jordan,JOR,2016,211
Jordan,JOR,2017,223
Jordan,JOR,2018,242
Jordan,JOR,2019,260
Kazakhstan,KAZ,2018,4249
Kazakhstan,KAZ,2017,4272
Kazakhstan,KAZ,2019,4275
Kazakhstan,KAZ,2016,4382
Kazakhstan,KAZ,2015,4579
Kazakhstan,KAZ,2014,4783
Kazakhstan,KAZ,2013,5028
Kazakhstan,KAZ,2012,5204
Kazakhstan,KAZ,2000,5306
Kazakhstan,KAZ,2011,5314
Kazakhstan,KAZ,2010,5413
Kazakhstan,KAZ,2009,5494
Kazakhstan,KAZ,2001,5502
Kazakhstan,KAZ,2002,5603
Kazakhstan,KAZ,2003,5819
Kazakhstan,KAZ,2008,5886
Kazakhstan,KAZ,2004,6115
Kazakhstan,KAZ,2005,6309
Kazakhstan,KAZ,2007,6324
Kazakhstan,KAZ,2006,6409
Kenya,KEN,2000,1833
Kenya,KEN,2001,1927
Kenya,KEN,2002,2062
Kenya,KEN,2003,2213
Kenya,KEN,2004,2294
Kenya,KEN,2005,2384
Kenya,KEN,2006,2442
Kenya,KEN,2007,2487
Kenya,KEN,2008,2516
Kenya,KEN,2009,2568
Kenya,KEN,2010,2633
Kenya,KEN,2011,2705
Kenya,KEN,2012,2750
Kenya,KEN,2013,2779
Kenya,KEN,2014,2817
Kenya,KEN,2015,2859
Kenya,KEN,2016,2906
Kenya,KEN,2017,2968
Kenya,KEN,2018,3057
Kenya,KEN,2019,3155
Kiribati,KIR,2000,25
Kiribati,KIR,2001,25
Kiribati,KIR,2002,25
Kiribati,KIR,2003,25
Kiribati,KIR,2004,26
Kiribati,KIR,2005,26
Kiribati,KIR,2006,27
Kiribati,KIR,2007,27
Kiribati,KIR,2008,28
Kiribati,KIR,2009,29
Kiribati,KIR,2010,29
Kiribati,KIR,2011,29
Kiribati,KIR,2012,29
Kiribati,KIR,2013,29
Kiribati,KIR,2014,30
Kiribati,KIR,2015,30
Kiribati,KIR,2016,30
Kiribati,KIR,2017,30
Kiribati,KIR,2018,30
Kiribati,KIR,2019,30
Kuwait,KWT,2001,65
Kuwait,KWT,2003,68
Kuwait,KWT,2002,70
Kuwait,KWT,2000,72
Kuwait,KWT,2004,72
Kuwait,KWT,2005,79
Kuwait,KWT,2006,84
Kuwait,KWT,2007,86
Kuwait,KWT,2010,92
Kuwait,KWT,2011,93
Kuwait,KWT,2009,97
Kuwait,KWT,2008,99
Kuwait,KWT,2012,103
Kuwait,KWT,2013,105
Kuwait,KWT,2014,108
Kuwait,KWT,2015,113
Kuwait,KWT,2016,118
Kuwait,KWT,2017,123
Kuwait,KWT,2018,128
Kuwait,KWT,2019,135
Kyrgyzstan,KGZ,2017,574
Kyrgyzstan,KGZ,2016,576
Kyrgyzstan,KGZ,2018,594
Kyrgyzstan,KGZ,2019,600
Kyrgyzstan,KGZ,2015,612
Kyrgyzstan,KGZ,2014,632
Kyrgyzstan,KGZ,2013,639
Kyrgyzstan,KGZ,2009,650
Kyrgyzstan,KGZ,2012,656
Kyrgyzstan,KGZ,2011,659
Kyrgyzstan,KGZ,2010,660
Kyrgyzstan,KGZ,2004,662
Kyrgyzstan,KGZ,2005,670
Kyrgyzstan,KGZ,2008,671
Kyrgyzstan,KGZ,2007,683
Kyrgyzstan,KGZ,2003,684
Kyrgyzstan,KGZ,2006,686
Kyrgyzstan,KGZ,2002,694
Kyrgyzstan,KGZ,2000,695
Kyrgyzstan,KGZ,2001,698
Laos,LAO,2012,415
Laos,LAO,2011,420
Laos,LAO,2013,420
Laos,LAO,2010,425
Laos,LAO,2014,428
Laos,LAO,2007,430
Laos,LAO,2009,430
Laos,LAO,2019,430
Laos,LAO,2004,431
Laos,LAO,2006,431
Laos,LAO,2008,431
Laos,LAO,2005,432
Laos,LAO,2003,434
Laos,LAO,2015,434
Laos,LAO,2002,438
Laos,LAO,2018,439
Laos,LAO,2016,440
Laos,LAO,2017,442
Laos,LAO,2000,445
Laos,LAO,2001,446
Latvia,LVA,2019,392
Latvia,LVA,2018,395
Latvia,LVA,2017,399
Latvia,LVA,2016,402
Latvia,LVA,2015,433
Latvia,LVA,2014,448
Latvia,LVA,2013,464
Latvia,LVA,2012,470
Latvia,LVA,2011,482
Latvia,LVA,2010,522
Latvia,LVA,2009,539
Latvia,LVA,2008,577
Latvia,LVA,2007,624
Latvia,LVA,2004,649
Latvia,LVA,2006,651
Latvia,LVA,2005,654
Latvia,LVA,2003,691
Latvia,LVA,2002,764
Latvia,LVA,2000,814
Latvia,LVA,2001,816
Lebanon,LBN,2000,124
Lebanon,LBN,2001,124
Lebanon,LBN,2002,124
Lebanon,LBN,2003,126
Lebanon,LBN,2004,129
Lebanon,LBN,2005,132
Lebanon,LBN,2006,135
Lebanon,LBN,2007,138
Lebanon,LBN,2008,141
Lebanon,LBN,2009,143
Lebanon,LBN,2010,146
Lebanon,LBN,2011,154
Lebanon,LBN,2012,166
Lebanon,LBN,2013,175
Lebanon,LBN,2019,176
Lebanon,LBN,2014,177
Lebanon,LBN,2015,177
Lebanon,LBN,2016,178
Lebanon,LBN,2017,178
Lebanon,LBN,2018,178
Lesotho,LSO,2000,434
Lesotho,LSO,2001,458
Lesotho,LSO,2002,491
Lesotho,LSO,2003,523
Lesotho,LSO,2004,556
Lesotho,LSO,2005,580
Lesotho,LSO,2006,603
Lesotho,LSO,2007,623
Lesotho,LSO,2008,646
Lesotho,LSO,2009,665
Lesotho,LSO,2010,685
Lesotho,LSO,2011,696
Lesotho,LSO,2012,716
Lesotho,LSO,2013,734
Lesotho,LSO,2019,736
Lesotho,LSO,2018,737
Lesotho,LSO,2017,738
Lesotho,LSO,2016,745
Lesotho,LSO,2014,749
Lesotho,LSO,2015,754
Liberia,LBR,2002,161
Liberia,LBR,2001,163
Liberia,LBR,2003,163
Liberia,LBR,2000,166
Liberia,LBR,2004,167
Liberia,LBR,2005,173
Liberia,LBR,2006,182
Liberia,LBR,2007,191
Liberia,LBR,2008,196
Liberia,LBR,2009,209
Liberia,LBR,2010,222
Liberia,LBR,2011,227
Liberia,LBR,2012,235
Liberia,LBR,2013,241
Liberia,LBR,2014,241
Liberia,LBR,2015,242
Liberia,LBR,2016,244
Liberia,LBR,2017,246
Liberia,LBR,2018,251
Liberia,LBR,2019,259
Libya,LBY,2000,214
Libya,LBY,2005,221
Libya,LBY,2001,223
Libya,LBY,2004,224
Libya,LBY,2006,227
Libya,LBY,2002,233
Libya,LBY,2003,236
Libya,LBY,2007,259
Libya,LBY,2008,287
Libya,LBY,2009,310
Libya,LBY,2010,313
Libya,LBY,2012,315
Libya,LBY,2011,319
Libya,LBY,2013,319
Libya,LBY,2014,324
Libya,LBY,2015,324
Libya,LBY,2016,325
Libya,LBY,2017,332
Libya,LBY,2018,339
Libya,LBY,2019,347
Lithuania,LTU,2019,857
Lithuania,LTU,2018,883
Lithuania,LTU,2017,912
Lithuania,LTU,2016,1034
Lithuania,LTU,2015,1078
Lithuania,LTU,2014,1109
Lithuania,LTU,2012,1174
Lithuania,LTU,2013,1185
Lithuania,LTU,2011,1202
Lithuania,LTU,2010,1237
Lithuania,LTU,2009,1268
Lithuania,LTU,2008,1442
Lithuania,LTU,2004,1516
Lithuania,LTU,2006,1534
Lithuania,LTU,2005,1555
Lithuania,LTU,2007,1556
Lithuania,LTU,2003,1573
Lithuania,LTU,2002,1640
Lithuania,LTU,2000,1664
Lithuania,LTU,2001,1715
Luxembourg,LUX,2008,60
Luxembourg,LUX,2009,60
Luxembourg,LUX,2007,61
Luxembourg,LUX,2010,61
Luxembourg,LUX,2011,62
Luxembourg,LUX,2005,63
Luxembourg,LUX,2006,63
Luxembourg,LUX,2012,63
Luxembourg,LUX,2013,63
Luxembourg,LUX,2003,64
Luxembourg,LUX,2004,64
Luxembourg,LUX,2014,65
Luxembourg,LUX,2001,66
Luxembourg,LUX,2002,66
Luxembourg,LUX,2015,66
Luxembourg,LUX,2016,66
Luxembourg,LUX,2000,67
Luxembourg,LUX,2017,67
Luxembourg,LUX,2018,68
Luxembourg,LUX,2019,69
Madagascar,MDG,2000,982
Madagascar,MDG,2001,993
Madagascar,MDG,2002,1032
Madagascar,MDG,2003,1066
Madagascar,MDG,2004,1083
Madagascar,MDG,2005,1093
Madagascar,MDG,2006,1098
Madagascar,MDG,2007,1112
Madagascar,MDG,2008,1154
Madagascar,MDG,2009,1192
Madagascar,MDG,2010,1222
Madagascar,MDG,2011,1249
Madagascar,MDG,2012,1275
Madagascar,MDG,2013,1302
Madagascar,MDG,2014,1331
Madagascar,MDG,2015,1364
Madagascar,MDG,2016,1402
Madagascar,MDG,2017,1442
Madagascar,MDG,2018,1486
Madagascar,MDG,2019,1522
Malawi,MWI,2001,938
Malawi,MWI,2000,942
Malawi,MWI,2002,946
Malawi,MWI,2003,958
Malawi,MWI,2008,961
Malawi,MWI,2007,962
Malawi,MWI,2006,963
Malawi,MWI,2005,968
Malawi,MWI,2004,971
Malawi,MWI,2009,977
Malawi,MWI,2010,1006
Malawi,MWI,2011,1026
Malawi,MWI,2012,1039
Malawi,MWI,2013,1055
Malawi,MWI,2014,1077
Malawi,MWI,2015,1103
Malawi,MWI,2016,1133
Malawi,MWI,2017,1154
Malawi,MWI,2018,1184
Malawi,MWI,2019,1209
Malaysia,MYS,2001,1193
Malaysia,MYS,2002,1202
Malaysia,MYS,2000,1211
Malaysia,MYS,2007,1266
Malaysia,MYS,2003,1269
Malaysia,MYS,2006,1273
Malaysia,MYS,2005,1278
Malaysia,MYS,2004,1281
Malaysia,MYS,2008,1316
Malaysia,MYS,2010,1347
Malaysia,MYS,2009,1353
Malaysia,MYS,2011,1365
Malaysia,MYS,2013,1373
Malaysia,MYS,2012,1386
Malaysia,MYS,2014,1447
Malaysia,MYS,2015,1510
Malaysia,MYS,2016,1596
Malaysia,MYS,2017,1661
Malaysia,MYS,2018,1712
Malaysia,MYS,2019,1803
Maldives,MDV,2003,11
Maldives,MDV,2004,11
Maldives,MDV,2005,11
Maldives,MDV,2006,11
Maldives,MDV,2007,11
Maldives,MDV,2008,11
Maldives,MDV,2009,11
Maldives,MDV,2001,12
Maldives,MDV,2002,12
Maldives,MDV,2010,12
Maldives,MDV,2011,12
Maldives,MDV,2000,13
Maldives,MDV,2012,13
Maldives,MDV,2013,14
Maldives,MDV,2014,15
Maldives,MDV,2015,16
Maldives,MDV,2016,17
Maldives,MDV,2017,18
Maldives,MDV,2018,19
Maldives,MDV,2019,20
Mali,MLI,2000,541
Mali,MLI,2001,548
Mali,MLI,2002,563
Mali,MLI,2003,571
Mali,MLI,2004,583
Mali,MLI,2005,595
Mali,MLI,2006,608
Mali,MLI,2007,632
Mali,MLI,2008,648
Mali,MLI,2009,670
Mali,MLI,2010,686
Mali,MLI,2011,696
Mali,MLI,2012,709
Mali,MLI,2013,736
Mali,MLI,2014,767
Mali,MLI,2015,800
Mali,MLI,2016,853
Mali,MLI,2017,894
Mali,MLI,2018,920
Mali,MLI,2019,947
Malta,MLT,2000,22
Malta,MLT,2001,22
Malta,MLT,2002,22
Malta,MLT,2003,23
Malta,MLT,2004,23
Malta,MLT,2005,23
Malta,MLT,2006,24
Malta,MLT,2007,24
Malta,MLT,2008,24
Malta,MLT,2009,24
Malta,MLT,2010,24
Malta,MLT,2015,24
Malta,MLT,2016,24
Malta,MLT,2017,24
Malta,MLT,2018,24
Malta,MLT,2019,24
Malta,MLT,2011,25
Malta,MLT,2012,25
Malta,MLT,2013,25
Malta,MLT,2014,25
Marshall Islands,MHL,2000,11
Marshall Islands,MHL,2001,12
Marshall Islands,MHL,2002,12
Marshall Islands,MHL,2003,12
Marshall Islands,MHL,2004,12
Marshall Islands,MHL,2005,12
Marshall Islands,MHL,2006,12
Marshall Islands,MHL,2007,12
Marshall Islands,MHL,2008,12
Marshall Islands,MHL,2009,12
Marshall Islands,MHL,2010,12
Marshall Islands,MHL,2011,12
Marshall Islands,MHL,2012,12
Marshall Islands,MHL,2013,12
Marshall Islands,MHL,2014,12
Marshall Islands,MHL,2015,12
Marshall Islands,MHL,2016,12
Marshall Islands,MHL,2017,12
Marshall Islands,MHL,2018,12
Marshall Islands,MHL,2019,12
Mauritania,MRT,2000,119
Mauritania,MRT,2001,122
Mauritania,MRT,2003,122
Mauritania,MRT,2002,123
Mauritania,MRT,2004,126
Mauritania,MRT,2005,127
Mauritania,MRT,2007,128
Mauritania,MRT,2008,128
Mauritania,MRT,2006,130
Mauritania,MRT,2009,133
Mauritania,MRT,2010,134
Mauritania,MRT,2011,136
Mauritania,MRT,2012,142
Mauritania,MRT,2014,143
Mauritania,MRT,2013,145
Mauritania,MRT,2015,146
Mauritania,MRT,2016,146
Mauritania,MRT,2017,152
Mauritania,MRT,2018,153
Mauritania,MRT,2019,155
Mauritius,MUS,2013,112
Mauritius,MUS,2019,113
Mauritius,MUS,2018,115
Mauritius,MUS,2014,116
Mauritius,MUS,2016,116
Mauritius,MUS,2017,116
Mauritius,MUS,2012,118
Mauritius,MUS,2015,118
Mauritius,MUS,2008,119
Mauritius,MUS,2010,119
Mauritius,MUS,2011,122
Mauritius,MUS,2007,123
Mauritius,MUS,2009,123
Mauritius,MUS,2004,125
Mauritius,MUS,2005,125
Mauritius,MUS,2006,125
Mauritius,MUS,2003,126
Mauritius,MUS,2002,136
Mauritius,MUS,2001,138
Mauritius,MUS,2000,148
Mexico,MEX,2000,4436
Mexico,MEX,2001,4526
Mexico,MEX,2002,4713
Mexico,MEX,2003,4897
Mexico,MEX,2004,4951
Mexico,MEX,2005,5187
Mexico,MEX,2006,5274
Mexico,MEX,2007,5458
Mexico,MEX,2008,5852
Mexico,MEX,2009,6160
Mexico,MEX,2010,6189
Mexico,MEX,2011,6270
Mexico,MEX,2012,6395
Mexico,MEX,2013,6791
Mexico,MEX,2014,7027
Mexico,MEX,2015,7170
Mexico,MEX,2016,7442
Mexico,MEX,2019,7805
Mexico,MEX,2017,7927
Mexico,MEX,2018,8038
Micronesia (country),FSM,2003,23
Micronesia (country),FSM,2004,23
Micronesia (country),FSM,2005,23
Micronesia (country),FSM,2006,23
Micronesia (country),FSM,2007,23
Micronesia (country),FSM,2008,23
Micronesia (country),FSM,2009,23
Micronesia (country),FSM,2010,23
Micronesia (country),FSM,2011,23
Micronesia (country),FSM,2012,23
Micronesia (country),FSM,2013,23
Micronesia (country),FSM,2014,23
Micronesia (country),FSM,2015,23
Micronesia (country),FSM,2016,23
Micronesia (country),FSM,2017,23
Micronesia (country),FSM,2018,23
Micronesia (country),FSM,2019,23
Micronesia (country),FSM,2000,24
Micronesia (country),FSM,2001,24
Micronesia (country),FSM,2002,24
Moldova,MDA,2019,549
Moldova,MDA,2018,562
Moldova,MDA,2017,585
Moldova,MDA,2016,650
Moldova,MDA,2013,654
Moldova,MDA,2014,680
Moldova,MDA,2012,688
Moldova,MDA,2015,688
Moldova,MDA,2011,698
Moldova,MDA,2000,755
Moldova,MDA,2001,757
Moldova,MDA,2002,765
Moldova,MDA,2003,777
Moldova,MDA,2004,783
Moldova,MDA,2008,791
Moldova,MDA,2009,798
Moldova,MDA,2007,804
Moldova,MDA,2010,821
Moldova,MDA,2006,824
Moldova,MDA,2005,848
Monaco,MCO,2000,5
Monaco,MCO,2001,5
Monaco,MCO,2002,5
Monaco,MCO,2003,5
Monaco,MCO,2004,5
Monaco,MCO,2019,5
Monaco,MCO,2005,6
Monaco,MCO,2006,6
Monaco,MCO,2007,6
Monaco,MCO,2008,6
Monaco,MCO,2009,6
Monaco,MCO,2010,6
Monaco,MCO,2011,6
Monaco,MCO,2012,6
Monaco,MCO,2013,6
Monaco,MCO,2014,6
Monaco,MCO,2015,6
Monaco,MCO,2016,6
Monaco,MCO,2017,6
Monaco,MCO,2018,6
Mongolia,MNG,2000,520
Mongolia,MNG,2001,530
Mongolia,MNG,2002,540
Mongolia,MNG,2003,555
Mongolia,MNG,2004,586
Mongolia,MNG,2019,592
Mongolia,MNG,2006,605
Mongolia,MNG,2015,605
Mongolia,MNG,2005,607
Mongolia,MNG,2018,607
Mongolia,MNG,2016,608
Mongolia,MNG,2007,611
Mongolia,MNG,2013,611
Mongolia,MNG,2014,611
Mongolia,MNG,2008,613
Mongolia,MNG,2009,613
Mongolia,MNG,2017,615
Mongolia,MNG,2012,618
Mongolia,MNG,2010,621
Mongolia,MNG,2011,625
Montenegro,MNE,2015,117
Montenegro,MNE,2019,117
Montenegro,MNE,2012,118
Montenegro,MNE,2013,118
Montenegro,MNE,2014,118
Montenegro,MNE,2018,118
Montenegro,MNE,2016,119
Montenegro,MNE,2017,119
Montenegro,MNE,2011,120
Montenegro,MNE,2002,122
Montenegro,MNE,2010,122
Montenegro,MNE,2001,124
Montenegro,MNE,2000,126
Montenegro,MNE,2003,126
Montenegro,MNE,2009,127
Montenegro,MNE,2004,128
Montenegro,MNE,2008,129
Montenegro,MNE,2005,132
Montenegro,MNE,2007,132
Montenegro,MNE,2006,134
Morocco,MAR,2017,2530
Morocco,MAR,2016,2532
Morocco,MAR,2015,2536
Morocco,MAR,2018,2538
Morocco,MAR,2019,2566
Morocco,MAR,2014,2567
Morocco,MAR,2000,2594
Morocco,MAR,2013,2628
Morocco,MAR,2001,2652
Morocco,MAR,2002,2661
Morocco,MAR,2003,2708
Morocco,MAR,2004,2726
Morocco,MAR,2005,2749
Morocco,MAR,2006,2770
Morocco,MAR,2012,2818
Morocco,MAR,2007,2824
Morocco,MAR,2008,2865
Morocco,MAR,2011,2883
Morocco,MAR,2009,2891
Morocco,MAR,2010,2908
Mozambique,MOZ,2000,1189
Mozambique,MOZ,2001,1198
Mozambique,MOZ,2002,1239
Mozambique,MOZ,2003,1284
Mozambique,MOZ,2004,1352
Mozambique,MOZ,2005,1439
Mozambique,MOZ,2006,1523
Mozambique,MOZ,2007,1618
Mozambique,MOZ,2008,1727
Mozambique,MOZ,2009,1823
Mozambique,MOZ,2010,1929
Mozambique,MOZ,2011,2018
Mozambique,MOZ,2012,2103
Mozambique,MOZ,2013,2176
Mozambique,MOZ,2014,2233
Mozambique,MOZ,2015,2275
Mozambique,MOZ,2016,2314
Mozambique,MOZ,2017,2354
Mozambique,MOZ,2018,2397
Mozambique,MOZ,2019,2440
Myanmar,MMR,2018,1943
Myanmar,MMR,2019,1956
Myanmar,MMR,2017,2028
Myanmar,MMR,2015,2100
Myanmar,MMR,2012,2109
Myanmar,MMR,2014,2111
Myanmar,MMR,2013,2115
Myanmar,MMR,2016,2116
Myanmar,MMR,2011,2178
Myanmar,MMR,2010,2202
Myanmar,MMR,2009,2258
Myanmar,MMR,2008,2291
Myanmar,MMR,2007,2386
Myanmar,MMR,2006,2475
Myanmar,MMR,2005,2529
Myanmar,MMR,2004,2588
Myanmar,MMR,2003,2598
Myanmar,MMR,2002,2662
Myanmar,MMR,2001,2730
Myanmar,MMR,2000,2836
Namibia,NAM,2011,224
Namibia,NAM,2012,225
Namibia,NAM,2009,230
Namibia,NAM,2010,230
Namibia,NAM,2013,230
Namibia,NAM,2008,234
Namibia,NAM,2014,238
Namibia,NAM,2007,240
Namibia,NAM,2015,246
Namibia,NAM,2006,248
Namibia,NAM,2000,252
Namibia,NAM,2016,252
Namibia,NAM,2001,255
Namibia,NAM,2017,256
Namibia,NAM,2005,259
Namibia,NAM,2018,261
Namibia,NAM,2019,261
Namibia,NAM,2004,264
Namibia,NAM,2002,266
Namibia,NAM,2003,269
Nauru,NRU,2010,2
Nauru,NRU,2011,2
Nauru,NRU,2012,2
Nauru,NRU,2013,2
Nauru,NRU,2014,2
Nauru,NRU,2015,2
Nauru,NRU,2016,2
Nauru,NRU,2017,2
Nauru,NRU,2018,2
Nauru,NRU,2019,2
Nauru,NRU,2000,3
Nauru,NRU,2001,3
Nauru,NRU,2002,3
Nauru,NRU,2003,3
Nauru,NRU,2004,3
Nauru,NRU,2005,3
Nauru,NRU,2006,3
Nauru,NRU,2007,3
Nauru,NRU,2008,3
Nauru,NRU,2009,3
Nepal,NPL,2003,2665
Nepal,NPL,2002,2680
Nepal,NPL,2004,2693
Nepal,NPL,2001,2720
Nepal,NPL,2005,2743
Nepal,NPL,2000,2771
Nepal,NPL,2006,2821
Nepal,NPL,2007,2912
Nepal,NPL,2008,2996
Nepal,NPL,2009,3078
Nepal,NPL,2010,3148
Nepal,NPL,2011,3233
Nepal,NPL,2012,3285
Nepal,NPL,2013,3306
Nepal,NPL,2014,3314
Nepal,NPL,2015,3364
Nepal,NPL,2016,3402
Nepal,NPL,2017,3426
Nepal,NPL,2018,3470
Nepal,NPL,2019,3528
Netherlands,NLD,2007,1758
Netherlands,NLD,2008,1794
Netherlands,NLD,2006,1796
Netherlands,NLD,2009,1817
Netherlands,NLD,2005,1831
Netherlands,NLD,2000,1862
Netherlands,NLD,2010,1863
Netherlands,NLD,2001,1870
Netherlands,NLD,2004,1874
Netherlands,NLD,2002,1910
Netherlands,NLD,2011,1911
Netherlands,NLD,2003,1955
Netherlands,NLD,2012,1968
Netherlands,NLD,2014,1996
Netherlands,NLD,2013,1998
Netherlands,NLD,2019,2017
Netherlands,NLD,2018,2029
Netherlands,NLD,2015,2034
Netherlands,NLD,2017,2041
Netherlands,NLD,2016,2058
New Zealand,NZL,2017,510
New Zealand,NZL,2015,512
New Zealand,NZL,2019,512
New Zealand,NZL,2018,513
New Zealand,NZL,2014,514
New Zealand,NZL,2016,515
New Zealand,NZL,2013,518
New Zealand,NZL,2011,531
New Zealand,NZL,2012,531
New Zealand,NZL,2000,532
New Zealand,NZL,2010,534
New Zealand,NZL,2009,537
New Zealand,NZL,2002,539
New Zealand,NZL,2001,540
New Zealand,NZL,2006,541
New Zealand,NZL,2003,543
New Zealand,NZL,2008,543
New Zealand,NZL,2004,544
New Zealand,NZL,2007,544
New Zealand,NZL,2005,545
Nicaragua,NIC,2000,294
Nicaragua,NIC,2001,300
Nicaragua,NIC,2006,305
Nicaragua,NIC,2002,310
Nicaragua,NIC,2003,318
Nicaragua,NIC,2004,320
Nicaragua,NIC,2007,323
Nicaragua,NIC,2010,332
Nicaragua,NIC,2005,337
Nicaragua,NIC,2015,340
Nicaragua,NIC,2008,346
Nicaragua,NIC,2009,348
Nicaragua,NIC,2011,351
Nicaragua,NIC,2018,352
Nicaragua,NIC,2017,354
Nicaragua,NIC,2019,355
Nicaragua,NIC,2012,357
Nicaragua,NIC,2013,358
Nicaragua,NIC,2016,369
Nicaragua,NIC,2014,370
Niger,NER,2000,507
Niger,NER,2001,532
Niger,NER,2002,548
Niger,NER,2003,571
Niger,NER,2004,577
Niger,NER,2005,600
Niger,NER,2006,609
Niger,NER,2007,625
Niger,NER,2008,625
Niger,NER,2009,640
Niger,NER,2010,656
Niger,NER,2011,680
Niger,NER,2012,705
Niger,NER,2013,741
Niger,NER,2014,782
Niger,NER,2015,815
Niger,NER,2016,861
Niger,NER,2017,903
Niger,NER,2018,943
Niger,NER,2019,972
Nigeria,NGA,2000,5876
Nigeria,NGA,2001,6036
Nigeria,NGA,2002,6198
Nigeria,NGA,2003,6325
Nigeria,NGA,2004,6455
Nigeria,NGA,2005,6542
Nigeria,NGA,2006,6658
Nigeria,NGA,2007,6814
Nigeria,NGA,2008,6883
Nigeria,NGA,2009,7122
Nigeria,NGA,2010,7346
Nigeria,NGA,2015,7499
Nigeria,NGA,2011,7517
Nigeria,NGA,2014,7552
Nigeria,NGA,2012,7612
Nigeria,NGA,2013,7613
Nigeria,NGA,2016,7624
Nigeria,NGA,2017,7706
Nigeria,NGA,2018,7800
Nigeria,NGA,2019,7970
Niue,NIU,2000,0
Niue,NIU,2001,0
Niue,NIU,2002,0
Niue,NIU,2003,0
Niue,NIU,2004,0
Niue,NIU,2005,0
Niue,NIU,2006,0
Niue,NIU,2007,0
Niue,NIU,2008,0
Niue,NIU,2009,0
Niue,NIU,2010,0
Niue,NIU,2011,0
Niue,NIU,2012,0
Niue,NIU,2013,0
Niue,NIU,2014,0
Niue,NIU,2015,0
Niue,NIU,2016,0
Niue,NIU,2017,0
Niue,NIU,2018,0
Niue,NIU,2019,0
North Korea,PRK,2005,2850
North Korea,PRK,2003,2853
North Korea,PRK,2004,2853
North Korea,PRK,2006,2872
North Korea,PRK,2002,2874
North Korea,PRK,2007,2891
North Korea,PRK,2001,2907
North Korea,PRK,2008,2911
North Korea,PRK,2009,2920
North Korea,PRK,2010,2923
North Korea,PRK,2011,2933
North Korea,PRK,2012,2936
North Korea,PRK,2013,2937
North Korea,PRK,2015,2944
North Korea,PRK,2014,2945
North Korea,PRK,2000,2947
North Korea,PRK,2016,2952
North Korea,PRK,2019,2954
North Korea,PRK,2018,2957
North Korea,PRK,2017,2958
North Macedonia,MKD,2011,204
North Macedonia,MKD,2013,207
North Macedonia,MKD,2010,208
North Macedonia,MKD,2012,208
North Macedonia,MKD,2014,208
North Macedonia,MKD,2015,208
North Macedonia,MKD,2005,211
North Macedonia,MKD,2016,211
North Macedonia,MKD,2018,211
North Macedonia,MKD,2019,211
North Macedonia,MKD,2000,212
North Macedonia,MKD,2017,212
North Macedonia,MKD,2004,214
North Macedonia,MKD,2008,214
North Macedonia,MKD,2009,214
North Macedonia,MKD,2001,218
North Macedonia,MKD,2006,218
North Macedonia,MKD,2007,222
North Macedonia,MKD,2003,223
North Macedonia,MKD,2002,227
Northern Mariana Islands,MNP,2011,8
Northern Mariana Islands,MNP,2012,8
Northern Mariana Islands,MNP,2013,8
Northern Mariana Islands,MNP,2014,8
Northern Mariana Islands,MNP,2015,8
Northern Mariana Islands,MNP,2016,8
Northern Mariana Islands,MNP,2017,8
Northern Mariana Islands,MNP,2018,8
Northern Mariana Islands,MNP,2019,8
Northern Mariana Islands,MNP,2006,9
Northern Mariana Islands,MNP,2007,9
Northern Mariana Islands,MNP,2008,9
Northern Mariana Islands,MNP,2009,9
Northern Mariana Islands,MNP,2010,9
Northern Mariana Islands,MNP,2003,10
Northern Mariana Islands,MNP,2004,10
Northern Mariana Islands,MNP,2005,10
Northern Mariana Islands,MNP,2000,11
Northern Mariana Islands,MNP,2001,11
Northern Mariana Islands,MNP,2002,11
Norway,NOR,2007,550
Norway,NOR,2006,553
Norway,NOR,2005,556
Norway,NOR,2008,562
Norway,NOR,2019,562
Norway,NOR,2018,563
Norway,NOR,2004,564
Norway,NOR,2017,564
Norway,NOR,2015,567
Norway,NOR,2003,569
Norway,NOR,2016,573
Norway,NOR,2014,574
Norway,NOR,2012,575
Norway,NOR,2002,579
Norway,NOR,2009,579
Norway,NOR,2013,580
Norway,NOR,2010,581
Norway,NOR,2001,592
Norway,NOR,2011,593
Norway,NOR,2000,599
Oman,OMN,2000,76
Oman,OMN,2005,77
Oman,OMN,2001,78
Oman,OMN,2004,78
Oman,OMN,2002,81
Oman,OMN,2003,82
Oman,OMN,2006,82
Oman,OMN,2007,91
Oman,OMN,2008,96
Oman,OMN,2009,96
Oman,OMN,2010,99
Oman,OMN,2011,112
Oman,OMN,2015,113
Oman,OMN,2014,114
Oman,OMN,2016,115
Oman,OMN,2017,116
Oman,OMN,2018,116
Oman,OMN,2013,118
Oman,OMN,2019,118
Oman,OMN,2012,121
Pakistan,PAK,2000,11651
Pakistan,PAK,2001,12078
Pakistan,PAK,2002,12423
Pakistan,PAK,2003,12708
Pakistan,PAK,2004,12984
Pakistan,PAK,2005,13201
Pakistan,PAK,2006,13406
Pakistan,PAK,2007,13447
Pakistan,PAK,2008,13729
Pakistan,PAK,2009,13938
Pakistan,PAK,2010,14138
Pakistan,PAK,2011,14355
Pakistan,PAK,2012,14645
Pakistan,PAK,2013,15219
Pakistan,PAK,2014,15758
Pakistan,PAK,2015,16121
Pakistan,PAK,2016,16601
Pakistan,PAK,2017,16948
Pakistan,PAK,2018,17246
Pakistan,PAK,2019,17688
Palau,PLW,2000,3
Palau,PLW,2001,3
Palau,PLW,2002,3
Palau,PLW,2003,3
Palau,PLW,2004,3
Palau,PLW,2005,3
Palau,PLW,2006,3
Palau,PLW,2007,3
Palau,PLW,2008,3
Palau,PLW,2009,3
Palau,PLW,2010,3
Palau,PLW,2011,3
Palau,PLW,2012,3
Palau,PLW,2013,3
Palau,PLW,2014,3
Palau,PLW,2015,3
Palau,PLW,2016,3
Palau,PLW,2017,3
Palau,PLW,2018,3
Palau,PLW,2019,3
Palestine,PSE,2000,71
Palestine,PSE,2001,74
Palestine,PSE,2010,74
Palestine,PSE,2009,76
Palestine,PSE,2002,77
Palestine,PSE,2003,78
Palestine,PSE,2004,79
Palestine,PSE,2008,79
Palestine,PSE,2005,80
Palestine,PSE,2006,80
Palestine,PSE,2011,80
Palestine,PSE,2007,81
Palestine,PSE,2012,92
Palestine,PSE,2013,104
Palestine,PSE,2015,108
Palestine,PSE,2014,109
Palestine,PSE,2016,111
Palestine,PSE,2017,112
Palestine,PSE,2018,117
Palestine,PSE,2019,124
Panama,PAN,2000,167
Panama,PAN,2001,176
Panama,PAN,2002,181
Panama,PAN,2015,183
Panama,PAN,2013,184
Panama,PAN,2016,184
Panama,PAN,2014,190
Panama,PAN,2017,190
Panama,PAN,2005,191
Panama,PAN,2004,192
Panama,PAN,2011,192
Panama,PAN,2012,193
Panama,PAN,2010,194
Panama,PAN,2003,196
Panama,PAN,2018,197
Panama,PAN,2019,199
Panama,PAN,2007,200
Panama,PAN,2006,201
Panama,PAN,2009,206
Panama,PAN,2008,208
Papua New Guinea,PNG,2000,162
Papua New Guinea,PNG,2001,167
Papua New Guinea,PNG,2002,173
Papua New Guinea,PNG,2003,177
Papua New Guinea,PNG,2004,183
Papua New Guinea,PNG,2005,190
Papua New Guinea,PNG,2006,196
Papua New Guinea,PNG,2007,205
Papua New Guinea,PNG,2008,210
Papua New Guinea,PNG,2009,214
Papua New Guinea,PNG,2010,228
Papua New Guinea,PNG,2011,237
Papua New Guinea,PNG,2012,241
Papua New Guinea,PNG,2013,243
Papua New Guinea,PNG,2014,250
Papua New Guinea,PNG,2015,263
Papua New Guinea,PNG,2016,267
Papua New Guinea,PNG,2017,277
Papua New Guinea,PNG,2018,286
Papua New Guinea,PNG,2019,289
Paraguay,PRY,2000,226
Paraguay,PRY,2001,232
Paraguay,PRY,2002,246
Paraguay,PRY,2003,270
Paraguay,PRY,2005,289
Paraguay,PRY,2004,292
Paraguay,PRY,2006,297
Paraguay,PRY,2007,299
Paraguay,PRY,2008,315
Paraguay,PRY,2009,338
Paraguay,PRY,2010,339
Paraguay,PRY,2011,342
Paraguay,PRY,2012,347
Paraguay,PRY,2013,365
Paraguay,PRY,2014,374
Paraguay,PRY,2015,390
Paraguay,PRY,2016,416
Paraguay,PRY,2017,420
Paraguay,PRY,2018,423
Paraguay,PRY,2019,427
Peru,PER,2007,860
Peru,PER,2006,872
Peru,PER,2004,876
Peru,PER,2002,878
Peru,PER,2005,878
Peru,PER,2008,878
Peru,PER,2001,880
Peru,PER,2003,891
Peru,PER,2000,907
Peru,PER,2015,939
Peru,PER,2014,948
Peru,PER,2016,949
Peru,PER,2017,975
Peru,PER,2013,985
Peru,PER,2009,994
Peru,PER,2018,998
Peru,PER,2012,1009
Peru,PER,2019,1016
Peru,PER,2011,1019
Peru,PER,2010,1020
Philippines,PHL,2000,2902
Philippines,PHL,2001,2950
Philippines,PHL,2002,2963
Philippines,PHL,2003,2966
Philippines,PHL,2004,3012
Philippines,PHL,2005,3084
Philippines,PHL,2006,3114
Philippines,PHL,2007,3165
Philippines,PHL,2008,3299
Philippines,PHL,2009,3406
Philippines,PHL,2010,3489
Philippines,PHL,2011,3577
Philippines,PHL,2012,3683
Philippines,PHL,2013,3786
Philippines,PHL,2014,3946
Philippines,PHL,2015,4138
Philippines,PHL,2016,4258
Philippines,PHL,2017,4393
Philippines,PHL,2018,4491
Philippines,PHL,2019,4569
Poland,POL,2019,6578
Poland,POL,2018,6647
Poland,POL,2017,6674
Poland,POL,2016,6704
Poland,POL,2015,6919
Poland,POL,2014,6949
Poland,POL,2013,7344
Poland,POL,2003,7650
Poland,POL,2012,7659
Poland,POL,2002,7684
Poland,POL,2001,7725
Poland,POL,2000,7745
Poland,POL,2011,7772
Poland,POL,2004,7845
Poland,POL,2010,7880
Poland,POL,2005,7920
Poland,POL,2006,7989
Poland,POL,2007,8053
Poland,POL,2009,8095
Poland,POL,2008,8119
Portugal,PRT,2017,1333
Portugal,PRT,2018,1347
Portugal,PRT,2019,1357
Portugal,PRT,2016,1377
Portugal,PRT,2006,1406
Portugal,PRT,2005,1407
Portugal,PRT,2000,1414
Portugal,PRT,2001,1424
Portugal,PRT,2015,1435
Portugal,PRT,2004,1438
Portugal,PRT,2002,1439
Portugal,PRT,2003,1445
Portugal,PRT,2007,1459
Portugal,PRT,2014,1487
Portugal,PRT,2008,1488
Portugal,PRT,2013,1496
Portugal,PRT,2011,1507
Portugal,PRT,2009,1508
Portugal,PRT,2012,1509
Portugal,PRT,2010,1519
Puerto Rico,PRI,2016,245
Puerto Rico,PRI,2015,246
Puerto Rico,PRI,2019,249
Puerto Rico,PRI,2017,251
Puerto Rico,PRI,2018,251
Puerto Rico,PRI,2014,256
Puerto Rico,PRI,2013,272
Puerto Rico,PRI,2012,273
Puerto Rico,PRI,2010,287
Puerto Rico,PRI,2003,288
Puerto Rico,PRI,2002,291
Puerto Rico,PRI,2004,294
Puerto Rico,PRI,2011,295
Puerto Rico,PRI,2006,299
Puerto Rico,PRI,2008,301
Puerto Rico,PRI,2005,302
Puerto Rico,PRI,2007,302
Puerto Rico,PRI,2000,311
Puerto Rico,PRI,2009,312
Puerto Rico,PRI,2001,315
Qatar,QAT,2000,36
Qatar,QAT,2001,38
Qatar,QAT,2002,41
Qatar,QAT,2003,43
Qatar,QAT,2004,45
Qatar,QAT,2005,51
Qatar,QAT,2006,62
Qatar,QAT,2007,74
Qatar,QAT,2008,84
Qatar,QAT,2009,97
Qatar,QAT,2010,108
Qatar,QAT,2011,113
Qatar,QAT,2012,117
Qatar,QAT,2013,122
Qatar,QAT,2014,125
Qatar,QAT,2015,125
Qatar,QAT,2017,125
Qatar,QAT,2016,126
Qatar,QAT,2018,128
Qatar,QAT,2019,131
Romania,ROU,2019,2182
Romania,ROU,2018,2216
Romania,ROU,2017,2238
Romania,ROU,2016,2283
Romania,ROU,2015,2350
Romania,ROU,2013,2393
Romania,ROU,2014,2432
Romania,ROU,2012,2547
Romania,ROU,2011,2578
Romania,ROU,2007,2698
Romania,ROU,2006,2746
Romania,ROU,2008,2780
Romania,ROU,2000,2792
Romania,ROU,2005,2795
Romania,ROU,2010,2806
Romania,ROU,2009,2821
Romania,ROU,2004,2844
Romania,ROU,2001,2898
Romania,ROU,2003,2956
Romania,ROU,2002,2982
Russia,RUS,2019,39040
Russia,RUS,2018,39780
Russia,RUS,2017,39829
Russia,RUS,2016,42575
Russia,RUS,2015,44710
Russia,RUS,2013,46665
Russia,RUS,2014,47121
Russia,RUS,2012,47740
Russia,RUS,2011,49407
Russia,RUS,2010,53740
Russia,RUS,2009,54325
Russia,RUS,2008,58692
Russia,RUS,2007,60280
Russia,RUS,2006,65300
Russia,RUS,2004,70561
Russia,RUS,2003,72826
Russia,RUS,2005,72826
Russia,RUS,2002,73089
Russia,RUS,2001,73928
Russia,RUS,2000,74975
Rwanda,RWA,2009,575
Rwanda,RWA,2010,582
Rwanda,RWA,2008,584
Rwanda,RWA,2007,593
Rwanda,RWA,2011,593
Rwanda,RWA,2006,604
Rwanda,RWA,2012,610
Rwanda,RWA,2013,618
Rwanda,RWA,2005,620
Rwanda,RWA,2014,636
Rwanda,RWA,2004,640
Rwanda,RWA,2003,654
Rwanda,RWA,2015,656
Rwanda,RWA,2002,673
Rwanda,RWA,2016,680
Rwanda,RWA,2001,693
Rwanda,RWA,2017,704
Rwanda,RWA,2000,732
Rwanda,RWA,2018,734
Rwanda,RWA,2019,759
Saint Kitts and Nevis,KNA,2000,2
Saint Kitts and Nevis,KNA,2001,2
Saint Kitts and Nevis,KNA,2002,2
Saint Kitts and Nevis,KNA,2003,2
Saint Kitts and Nevis,KNA,2004,2
Saint Kitts and Nevis,KNA,2005,2
Saint Kitts and Nevis,KNA,2006,2
Saint Kitts and Nevis,KNA,2007,2
Saint Kitts and Nevis,KNA,2008,2
Saint Kitts and Nevis,KNA,2009,2
Saint Kitts and Nevis,KNA,2010,2
Saint Kitts and Nevis,KNA,2011,2
Saint Kitts and Nevis,KNA,2012,2
Saint Kitts and Nevis,KNA,2013,2
Saint Kitts and Nevis,KNA,2014,2
Saint Kitts and Nevis,KNA,2015,2
Saint Kitts and Nevis,KNA,2016,2
Saint Kitts and Nevis,KNA,2017,2
Saint Kitts and Nevis,KNA,2018,2
Saint Kitts and Nevis,KNA,2019,2
Saint Lucia,LCA,2000,10
Saint Lucia,LCA,2001,10
Saint Lucia,LCA,2002,10
Saint Lucia,LCA,2003,10
Saint Lucia,LCA,2004,10
Saint Lucia,LCA,2005,10
Saint Lucia,LCA,2006,10
Saint Lucia,LCA,2007,11
Saint Lucia,LCA,2008,11
Saint Lucia,LCA,2009,11
Saint Lucia,LCA,2010,11
Saint Lucia,LCA,2011,11
Saint Lucia,LCA,2012,12
Saint Lucia,LCA,2013,12
Saint Lucia,LCA,2014,12
Saint Lucia,LCA,2015,13
Saint Lucia,LCA,2016,13
Saint Lucia,LCA,2017,13
Saint Lucia,LCA,2018,13
Saint Lucia,LCA,2019,13
Saint Vincent and the Grenadines,VCT,2000,7
Saint Vincent and the Grenadines,VCT,2001,7
Saint Vincent and the Grenadines,VCT,2002,7
Saint Vincent and the Grenadines,VCT,2003,7
Saint Vincent and the Grenadines,VCT,2004,7
Saint Vincent and the Grenadines,VCT,2005,7
Saint Vincent and the Grenadines,VCT,2006,7
Saint Vincent and the Grenadines,VCT,2007,7
Saint Vincent and the Grenadines,VCT,2008,7
Saint Vincent and the Grenadines,VCT,2009,7
Saint Vincent and the Grenadines,VCT,2010,7
Saint Vincent and the Grenadines,VCT,2011,7
Saint Vincent and the Grenadines,VCT,2012,7
Saint Vincent and the Grenadines,VCT,2013,8
Saint Vincent and the Grenadines,VCT,2014,8
Saint Vincent and the Grenadines,VCT,2015,8
Saint Vincent and the Grenadines,VCT,2016,8
Saint Vincent and the Grenadines,VCT,2017,8
Saint Vincent and the Grenadines,VCT,2018,8
Saint Vincent and the Grenadines,VCT,2019,8
Samoa,WSM,2004,23
Samoa,WSM,2005,23
Samoa,WSM,2006,23
Samoa,WSM,2007,23
Samoa,WSM,2008,23
Samoa,WSM,2009,23
Samoa,WSM,2010,23
Samoa,WSM,2011,23
Samoa,WSM,2012,23
Samoa,WSM,2001,24
Samoa,WSM,2002,24
Samoa,WSM,2003,24
Samoa,WSM,2013,24
Samoa,WSM,2014,24
Samoa,WSM,2015,24
Samoa,WSM,2000,25
Samoa,WSM,2016,25
Samoa,WSM,2017,25
Samoa,WSM,2018,25
Samoa,WSM,2019,25
San Marino,SMR,2000,3
San Marino,SMR,2001,3
San Marino,SMR,2002,3
San Marino,SMR,2003,3
San Marino,SMR,2004,3
San Marino,SMR,2005,3
San Marino,SMR,2006,3
San Marino,SMR,2007,4
San Marino,SMR,2008,4
San Marino,SMR,2009,4
San Marino,SMR,2010,4
San Marino,SMR,2011,4
San Marino,SMR,2012,4
San Marino,SMR,2013,4
San Marino,SMR,2014,4
San Marino,SMR,2015,4
San Marino,SMR,2016,4
San Marino,SMR,2017,4
San Marino,SMR,2018,4
San Marino,SMR,2019,4
Sao Tome and Principe,STP,2000,3
Sao Tome and Principe,STP,2001,3
Sao Tome and Principe,STP,2002,3
Sao Tome and Principe,STP,2003,3
Sao Tome and Principe,STP,2004,3
Sao Tome and Principe,STP,2005,3
Sao Tome and Principe,STP,2006,3
Sao Tome and Principe,STP,2007,3
Sao Tome and Principe,STP,2008,3
Sao Tome and Principe,STP,2009,3
Sao Tome and Principe,STP,2010,3
Sao Tome and Principe,STP,2011,3
Sao Tome and Principe,STP,2012,3
Sao Tome and Principe,STP,2013,3
Sao Tome and Principe,STP,2014,4
Sao Tome and Principe,STP,2015,4
Sao Tome and Principe,STP,2016,4
Sao Tome and Principe,STP,2017,4
Sao Tome and Principe,STP,2018,4
Sao Tome and Principe,STP,2019,4
Saudi Arabia,SAU,2000,535
Saudi Arabia,SAU,2001,547
Saudi Arabia,SAU,2002,567
Saudi Arabia,SAU,2003,594
Saudi Arabia,SAU,2004,617
Saudi Arabia,SAU,2005,676
Saudi Arabia,SAU,2006,733
Saudi Arabia,SAU,2007,810
Saudi Arabia,SAU,2008,890
Saudi Arabia,SAU,2009,984
Saudi Arabia,SAU,2010,1118
Saudi Arabia,SAU,2011,1294
Saudi Arabia,SAU,2012,1410
Saudi Arabia,SAU,2013,1464
Saudi Arabia,SAU,2014,1527
Saudi Arabia,SAU,2015,1574
Saudi Arabia,SAU,2016,1624
Saudi Arabia,SAU,2017,1672
Saudi Arabia,SAU,2018,1729
Saudi Arabia,SAU,2019,1791
Senegal,SEN,2000,622
Senegal,SEN,2003,764
Senegal,SEN,2001,777
Senegal,SEN,2002,794
Senegal,SEN,2004,811
Senegal,SEN,2006,825
Senegal,SEN,2005,826
Senegal,SEN,2007,845
Senegal,SEN,2010,865
Senegal,SEN,2008,871
Senegal,SEN,2011,901
Senegal,SEN,2012,910
Senegal,SEN,2009,918
Senegal,SEN,2013,952
Senegal,SEN,2014,1015
Senegal,SEN,2015,1043
Senegal,SEN,2016,1087
Senegal,SEN,2017,1097
Senegal,SEN,2018,1098
Senegal,SEN,2019,1126
Serbia,SRB,2019,1535
Serbia,SRB,2017,1540
Serbia,SRB,2016,1544
Serbia,SRB,2018,1544
Serbia,SRB,2015,1628
Serbia,SRB,2014,1646
Serbia,SRB,2013,1674
Serbia,SRB,2012,1731
Serbia,SRB,2011,1774
Serbia,SRB,2010,1825
Serbia,SRB,2009,1926
Serbia,SRB,2008,1996
Serbia,SRB,2007,2017
Serbia,SRB,2006,2092
Serbia,SRB,2005,2176
Serbia,SRB,2004,2200
Serbia,SRB,2003,2236
Serbia,SRB,2002,2265
Serbia,SRB,2001,2325
Serbia,SRB,2000,2439
Seychelles,SYC,2005,7
Seychelles,SYC,2006,7
Seychelles,SYC,2007,7
Seychelles,SYC,2008,7
Seychelles,SYC,2009,7
Seychelles,SYC,2010,7
Seychelles,SYC,2012,7
Seychelles,SYC,2000,8
Seychelles,SYC,2001,8
Seychelles,SYC,2002,8
Seychelles,SYC,2003,8
Seychelles,SYC,2004,8
Seychelles,SYC,2011,8
Seychelles,SYC,2013,8
Seychelles,SYC,2014,8
Seychelles,SYC,2015,8
Seychelles,SYC,2016,8
Seychelles,SYC,2017,9
Seychelles,SYC,2018,9
Seychelles,SYC,2019,9
Sierra Leone,SLE,2000,247
Sierra Leone,SLE,2001,263
Sierra Leone,SLE,2002,279
Sierra Leone,SLE,2003,296
Sierra Leone,SLE,2004,312
Sierra Leone,SLE,2005,328
Sierra Leone,SLE,2006,337
Sierra Leone,SLE,2008,348
Sierra Leone,SLE,2007,349
Sierra Leone,SLE,2009,358
Sierra Leone,SLE,2010,374
Sierra Leone,SLE,2011,379
Sierra Leone,SLE,2012,395
Sierra Leone,SLE,2013,406
Sierra Leone,SLE,2014,418
Sierra Leone,SLE,2015,426
Sierra Leone,SLE,2016,440
Sierra Leone,SLE,2017,457
Sierra Leone,SLE,2018,477
Sierra Leone,SLE,2019,491
Singapore,SGP,2005,436
Singapore,SGP,2006,444
Singapore,SGP,2017,445
Singapore,SGP,2004,450
Singapore,SGP,2018,452
Singapore,SGP,2007,453
Singapore,SGP,2003,454
Singapore,SGP,2016,459
Singapore,SGP,2015,460
Singapore,SGP,2011,464
Singapore,SGP,2014,464
Singapore,SGP,2019,464
Singapore,SGP,2010,465
Singapore,SGP,2013,470
Singapore,SGP,2009,471
Singapore,SGP,2008,472
Singapore,SGP,2002,474
Singapore,SGP,2001,475
Singapore,SGP,2000,476
Singapore,SGP,2012,476
Slovakia,SVK,2019,695
Slovakia,SVK,2018,704
Slovakia,SVK,2017,707
Slovakia,SVK,2016,713
Slovakia,SVK,2014,748
Slovakia,SVK,2013,752
Slovakia,SVK,2015,764
Slovakia,SVK,2012,784
Slovakia,SVK,2011,807
Slovakia,SVK,2010,816
Slovakia,SVK,2000,843
Slovakia,SVK,2001,851
Slovakia,SVK,2009,855
Slovakia,SVK,2004,867
Slovakia,SVK,2002,875
Slovakia,SVK,2003,890
Slovakia,SVK,2006,894
Slovakia,SVK,2008,895
Slovakia,SVK,2005,897
Slovakia,SVK,2007,910
Slovenia,SVN,2014,408
Slovenia,SVN,2019,410
Slovenia,SVN,2018,417
Slovenia,SVN,2016,420
Slovenia,SVN,2017,421
Slovenia,SVN,2015,433
Slovenia,SVN,2013,446
Slovenia,SVN,2011,452
Slovenia,SVN,2012,455
Slovenia,SVN,2010,466
Slovenia,SVN,2009,479
Slovenia,SVN,2008,503
Slovenia,SVN,2007,537
Slovenia,SVN,2005,559
Slovenia,SVN,2006,565
Slovenia,SVN,2004,602
Slovenia,SVN,2002,631
Slovenia,SVN,2003,638
Slovenia,SVN,2000,648
Slovenia,SVN,2001,658
Solomon Islands,SLB,2000,100
Solomon Islands,SLB,2001,103
Solomon Islands,SLB,2002,105
Solomon Islands,SLB,2003,108
Solomon Islands,SLB,2004,110
Solomon Islands,SLB,2005,112
Solomon Islands,SLB,2006,115
Solomon Islands,SLB,2008,116
Solomon Islands,SLB,2007,117
Solomon Islands,SLB,2009,121
Solomon Islands,SLB,2010,123
Solomon Islands,SLB,2011,127
Solomon Islands,SLB,2012,130
Solomon Islands,SLB,2013,132
Solomon Islands,SLB,2014,135
Solomon Islands,SLB,2015,137
Solomon Islands,SLB,2016,139
Solomon Islands,SLB,2017,142
Solomon Islands,SLB,2018,144
Solomon Islands,SLB,2019,144
Somalia,SOM,2000,753
Somalia,SOM,2001,769
Somalia,SOM,2002,796
Somalia,SOM,2003,824
Somalia,SOM,2004,848
Somalia,SOM,2005,868
Somalia,SOM,2006,881
Somalia,SOM,2007,915
Somalia,SOM,2008,945
Somalia,SOM,2009,970
Somalia,SOM,2010,991
Somalia,SOM,2011,1015
Somalia,SOM,2012,1040
Somalia,SOM,2013,1075
Somalia,SOM,2014,1113
Somalia,SOM,2015,1155
Somalia,SOM,2016,1197
Somalia,SOM,2017,1238
Somalia,SOM,2018,1285
Somalia,SOM,2019,1325
South Africa,ZAF,2016,7201
South Africa,ZAF,2017,7319
South Africa,ZAF,2013,7342
South Africa,ZAF,2012,7369
South Africa,ZAF,2015,7459
South Africa,ZAF,2014,7483
South Africa,ZAF,2011,7539
South Africa,ZAF,2018,7658
South Africa,ZAF,2019,7864
South Africa,ZAF,2010,8231
South Africa,ZAF,2009,8775
South Africa,ZAF,2008,9200
South Africa,ZAF,2001,9417
South Africa,ZAF,2000,9477
South Africa,ZAF,2007,9485
South Africa,ZAF,2002,9824
South Africa,ZAF,2006,10006
South Africa,ZAF,2005,10066
South Africa,ZAF,2003,10249
South Africa,ZAF,2004,10255
South Korea,KOR,2000,9297
South Korea,KOR,2001,9833
South Korea,KOR,2002,10610
South Korea,KOR,2003,11588
South Korea,KOR,2004,12266
South Korea,KOR,2005,12811
South Korea,KOR,2006,13191
South Korea,KOR,2007,14024
South Korea,KOR,2016,14189
South Korea,KOR,2017,14301
South Korea,KOR,2018,14431
South Korea,KOR,2015,14501
South Korea,KOR,2019,14575
South Korea,KOR,2008,14870
South Korea,KOR,2014,14978
South Korea,KOR,2013,15392
South Korea,KOR,2012,15705
South Korea,KOR,2009,15720
South Korea,KOR,2011,15967
South Korea,KOR,2010,16061
South Sudan,SSD,2002,331
South Sudan,SSD,2001,333
South Sudan,SSD,2003,342
South Sudan,SSD,2000,347
South Sudan,SSD,2004,353
South Sudan,SSD,2005,358
South Sudan,SSD,2006,371
South Sudan,SSD,2007,379
South Sudan,SSD,2008,382
South Sudan,SSD,2016,387
South Sudan,SSD,2009,388
South Sudan,SSD,2017,391
South Sudan,SSD,2010,392
South Sudan,SSD,2011,396
South Sudan,SSD,2015,396
South Sudan,SSD,2012,401
South Sudan,SSD,2013,404
South Sudan,SSD,2014,404
South Sudan,SSD,2018,404
South Sudan,SSD,2019,419
Spain,ESP,2000,3722
Spain,ESP,2001,3725
Spain,ESP,2017,3746
Spain,ESP,2019,3759
Spain,ESP,2018,3764
Spain,ESP,2010,3778
Spain,ESP,2016,3784
Spain,ESP,2002,3786
Spain,ESP,2011,3802
Spain,ESP,2006,3803
Spain,ESP,2009,3829
Spain,ESP,2004,3832
Spain,ESP,2005,3834
Spain,ESP,2014,3846
Spain,ESP,2013,3848
Spain,ESP,2007,3849
Spain,ESP,2003,3857
Spain,ESP,2015,3857
Spain,ESP,2012,3858
Spain,ESP,2008,3872
Sri Lanka,LKA,2013,3936
Sri Lanka,LKA,2014,4002
Sri Lanka,LKA,2012,4111
Sri Lanka,LKA,2010,4112
Sri Lanka,LKA,2015,4153
Sri Lanka,LKA,2011,4209
Sri Lanka,LKA,2016,4265
Sri Lanka,LKA,2017,4329
Sri Lanka,LKA,2009,4384
Sri Lanka,LKA,2019,4425
Sri Lanka,LKA,2018,4433
Sri Lanka,LKA,2008,4849
Sri Lanka,LKA,2007,4964
Sri Lanka,LKA,2006,5195
Sri Lanka,LKA,2005,5334
Sri Lanka,LKA,2004,5376
Sri Lanka,LKA,2003,5785
Sri Lanka,LKA,2002,5983
Sri Lanka,LKA,2001,6563
Sri Lanka,LKA,2000,7369
Sudan,SDN,2000,1559
Sudan,SDN,2001,1572
Sudan,SDN,2002,1595
Sudan,SDN,2003,1597
Sudan,SDN,2004,1628
Sudan,SDN,2005,1657
Sudan,SDN,2006,1677
Sudan,SDN,2007,1701
Sudan,SDN,2008,1740
Sudan,SDN,2009,1777
Sudan,SDN,2010,1804
Sudan,SDN,2011,1815
Sudan,SDN,2012,1834
Sudan,SDN,2013,1860
Sudan,SDN,2014,1886
Sudan,SDN,2015,1904
Sudan,SDN,2016,1939
Sudan,SDN,2017,1963
Sudan,SDN,2018,2004
Sudan,SDN,2019,2029
Suriname,SUR,2000,100
Suriname,SUR,2001,101
Suriname,SUR,2002,108
Suriname,SUR,2003,116
Suriname,SUR,2004,121
Suriname,SUR,2005,121
Suriname,SUR,2006,125
Suriname,SUR,2007,131
Suriname,SUR,2012,135
Suriname,SUR,2014,135
Suriname,SUR,2013,136
Suriname,SUR,2008,137
Suriname,SUR,2009,138
Suriname,SUR,2011,139
Suriname,SUR,2010,140
Suriname,SUR,2015,143
Suriname,SUR,2019,145
Suriname,SUR,2016,146
Suriname,SUR,2018,146
Suriname,SUR,2017,147
Sweden,SWE,2019,1369
Sweden,SWE,2018,1376
Sweden,SWE,2017,1388
Sweden,SWE,2006,1392
Sweden,SWE,2003,1394
Sweden,SWE,2005,1394
Sweden,SWE,2016,1395
Sweden,SWE,2007,1399
Sweden,SWE,2010,1408
Sweden,SWE,2002,1410
Sweden,SWE,2004,1412
Sweden,SWE,2011,1412
Sweden,SWE,2008,1416
Sweden,SWE,2015,1418
Sweden,SWE,2012,1420
Sweden,SWE,2009,1425
Sweden,SWE,2014,1426
Sweden,SWE,2001,1432
Sweden,SWE,2013,1436
Sweden,SWE,2000,1438
Switzerland,CHE,2016,1163
Switzerland,CHE,2015,1167
Switzerland,CHE,2019,1171
Switzerland,CHE,2017,1174
Switzerland,CHE,2018,1179
Switzerland,CHE,2014,1182
Switzerland,CHE,2013,1209
Switzerland,CHE,2012,1218
Switzerland,CHE,2011,1233
Switzerland,CHE,2010,1261
Switzerland,CHE,2009,1311
Switzerland,CHE,2008,1356
Switzerland,CHE,2007,1401
Switzerland,CHE,2006,1434
Switzerland,CHE,2005,1464
Switzerland,CHE,2004,1486
Switzerland,CHE,2003,1512
Switzerland,CHE,2001,1538
Switzerland,CHE,2002,1544
Switzerland,CHE,2000,1563
Syria,SYR,2001,300
Syria,SYR,2017,303
Syria,SYR,2000,304
Syria,SYR,2016,305
Syria,SYR,2003,307
Syria,SYR,2002,309
Syria,SYR,2018,309
Syria,SYR,2015,311
Syria,SYR,2019,320
Syria,SYR,2014,322
Syria,SYR,2004,324
Syria,SYR,2013,338
Syria,SYR,2005,343
Syria,SYR,2006,364
Syria,SYR,2012,364
Syria,SYR,2007,381
Syria,SYR,2011,398
Syria,SYR,2008,400
Syria,SYR,2009,406
Syria,SYR,2010,415
Taiwan,TWN,2000,3394
Taiwan,TWN,2001,3752
Taiwan,TWN,2002,4060
Taiwan,TWN,2015,4083
Taiwan,TWN,2013,4152
Taiwan,TWN,2014,4184
Taiwan,TWN,2016,4191
Taiwan,TWN,2017,4231
Taiwan,TWN,2003,4267
Taiwan,TWN,2018,4282
Taiwan,TWN,2019,4299
Taiwan,TWN,2012,4333
Taiwan,TWN,2010,4422
Taiwan,TWN,2011,4458
Taiwan,TWN,2009,4548
Taiwan,TWN,2004,4580
Taiwan,TWN,2008,4742
Taiwan,TWN,2007,4860
Taiwan,TWN,2005,4963
Taiwan,TWN,2006,4987
Tajikistan,TJK,2002,250
Tajikistan,TJK,2003,253
Tajikistan,TJK,2001,254
Tajikistan,TJK,2000,259
Tajikistan,TJK,2004,262
Tajikistan,TJK,2005,277
Tajikistan,TJK,2006,286
Tajikistan,TJK,2007,298
Tajikistan,TJK,2008,310
Tajikistan,TJK,2009,325
Tajikistan,TJK,2010,342
Tajikistan,TJK,2011,359
Tajikistan,TJK,2012,374
Tajikistan,TJK,2013,382
Tajikistan,TJK,2014,398
Tajikistan,TJK,2015,416
Tajikistan,TJK,2016,443
Tajikistan,TJK,2017,446
Tajikistan,TJK,2018,453
Tajikistan,TJK,2019,464
Tanzania,TZA,2001,2165
Tanzania,TZA,2000,2169
Tanzania,TZA,2002,2170
Tanzania,TZA,2003,2207
Tanzania,TZA,2004,2224
Tanzania,TZA,2005,2280
Tanzania,TZA,2006,2329
Tanzania,TZA,2007,2384
Tanzania,TZA,2008,2435
Tanzania,TZA,2009,2487
Tanzania,TZA,2010,2524
Tanzania,TZA,2011,2571
Tanzania,TZA,2012,2646
Tanzania,TZA,2013,2729
Tanzania,TZA,2014,2775
Tanzania,TZA,2015,2836
Tanzania,TZA,2016,2913
Tanzania,TZA,2017,3015
Tanzania,TZA,2018,3125
Tanzania,TZA,2019,3231
Thailand,THA,2013,6650
Thailand,THA,2014,6689
Thailand,THA,2015,6806
Thailand,THA,2012,6845
Thailand,THA,2011,6924
Thailand,THA,2016,7025
Thailand,THA,2010,7029
Thailand,THA,2009,7039
Thailand,THA,2017,7090
Thailand,THA,2019,7107
Thailand,THA,2018,7149
Thailand,THA,2008,7256
Thailand,THA,2007,7409
Thailand,THA,2006,7488
Thailand,THA,2005,7633
Thailand,THA,2004,8427
Thailand,THA,2003,9344
Thailand,THA,2002,9636
Thailand,THA,2001,9696
Thailand,THA,2000,10272
Timor,TLS,2008,33
Timor,TLS,2006,35
Timor,TLS,2004,36
Timor,TLS,2007,36
Timor,TLS,2005,37
Timor,TLS,2009,37
Timor,TLS,2010,38
Timor,TLS,2002,41
Timor,TLS,2003,43
Timor,TLS,2001,44
Timor,TLS,2000,45
Timor,TLS,2011,45
Timor,TLS,2012,49
Timor,TLS,2013,51
Timor,TLS,2014,54
Timor,TLS,2015,56
Timor,TLS,2016,58
Timor,TLS,2017,60
Timor,TLS,2018,61
Timor,TLS,2019,63
Togo,TGO,2000,327
Togo,TGO,2001,341
Togo,TGO,2002,354
Togo,TGO,2003,373
Togo,TGO,2004,382
Togo,TGO,2005,395
Togo,TGO,2006,407
Togo,TGO,2007,425
Togo,TGO,2008,449
Togo,TGO,2009,469
Togo,TGO,2010,485
Togo,TGO,2011,495
Togo,TGO,2012,501
Togo,TGO,2013,507
Togo,TGO,2014,524
Togo,TGO,2015,537
Togo,TGO,2016,557
Togo,TGO,2017,575
Togo,TGO,2018,582
Togo,TGO,2019,591
Tokelau,TKL,2000,0
Tokelau,TKL,2001,0
Tokelau,TKL,2002,0
Tokelau,TKL,2003,0
Tokelau,TKL,2004,0
Tokelau,TKL,2005,0
Tokelau,TKL,2006,0
Tokelau,TKL,2007,0
Tokelau,TKL,2008,0
Tokelau,TKL,2009,0
Tokelau,TKL,2010,0
Tokelau,TKL,2011,0
Tokelau,TKL,2012,0
Tokelau,TKL,2013,0
Tokelau,TKL,2014,0
Tokelau,TKL,2015,0
Tokelau,TKL,2016,0
Tokelau,TKL,2017,0
Tokelau,TKL,2018,0
Tokelau,TKL,2019,0
Tonga,TON,2000,5
Tonga,TON,2001,5
Tonga,TON,2002,5
Tonga,TON,2003,5
Tonga,TON,2004,5
Tonga,TON,2005,5
Tonga,TON,2006,5
Tonga,TON,2007,5
Tonga,TON,2008,5
Tonga,TON,2009,5
Tonga,TON,2010,5
Tonga,TON,2011,5
Tonga,TON,2012,5
Tonga,TON,2013,5
Tonga,TON,2014,5
Tonga,TON,2015,5
Tonga,TON,2016,5
Tonga,TON,2017,5
Tonga,TON,2018,5
Tonga,TON,2019,5
Trinidad and Tobago,TTO,2012,149
Trinidad and Tobago,TTO,2013,154
Trinidad and Tobago,TTO,2014,154
Trinidad and Tobago,TTO,2015,154
Trinidad and Tobago,TTO,2016,155
Trinidad and Tobago,TTO,2019,155
Trinidad and Tobago,TTO,2017,156
Trinidad and Tobago,TTO,2018,156
Trinidad and Tobago,TTO,2011,159
Trinidad and Tobago,TTO,2006,167
Trinidad and Tobago,TTO,2010,167
Trinidad and Tobago,TTO,2005,172
Trinidad and Tobago,TTO,2007,172
Trinidad and Tobago,TTO,2003,173
Trinidad and Tobago,TTO,2002,175
Trinidad and Tobago,TTO,2009,175
Trinidad and Tobago,TTO,2004,176
Trinidad and Tobago,TTO,2000,179
Trinidad and Tobago,TTO,2001,182
Trinidad and Tobago,TTO,2008,189
Tunisia,TUN,2000,372
Tunisia,TUN,2001,379
Tunisia,TUN,2002,384
Tunisia,TUN,2003,392
Tunisia,TUN,2004,396
Tunisia,TUN,2005,400
Tunisia,TUN,2008,402
Tunisia,TUN,2006,403
Tunisia,TUN,2007,403
Tunisia,TUN,2009,404
Tunisia,TUN,2011,404
Tunisia,TUN,2012,405
Tunisia,TUN,2013,405
Tunisia,TUN,2014,405
Tunisia,TUN,2015,405
Tunisia,TUN,2016,405
Tunisia,TUN,2017,405
Tunisia,TUN,2010,406
Tunisia,TUN,2018,408
Tunisia,TUN,2019,410
Turkey,TUR,2008,2214
Turkey,TUR,2011,2256
Turkey,TUR,2009,2262
Turkey,TUR,2012,2273
Turkey,TUR,2010,2291
Turkey,TUR,2007,2302
Turkey,TUR,2013,2348
Turkey,TUR,2006,2390
Turkey,TUR,2014,2417
Turkey,TUR,2015,2423
Turkey,TUR,2016,2461
Turkey,TUR,2005,2465
Turkey,TUR,2017,2500
Turkey,TUR,2004,2518
Turkey,TUR,2018,2521
Turkey,TUR,2003,2551
Turkey,TUR,2002,2580
Turkey,TUR,2019,2585
Turkey,TUR,2001,2822
Turkey,TUR,2000,3054
Turkmenistan,TKM,2012,428
Turkmenistan,TKM,2010,430
Turkmenistan,TKM,2011,430
Turkmenistan,TKM,2013,435
Turkmenistan,TKM,2014,440
Turkmenistan,TKM,2019,440
Turkmenistan,TKM,2018,442
Turkmenistan,TKM,2015,443
Turkmenistan,TKM,2016,444
Turkmenistan,TKM,2017,444
Turkmenistan,TKM,2009,450
Turkmenistan,TKM,2000,460
Turkmenistan,TKM,2001,470
Turkmenistan,TKM,2002,496
Turkmenistan,TKM,2003,502
Turkmenistan,TKM,2008,507
Turkmenistan,TKM,2004,530
Turkmenistan,TKM,2007,536
Turkmenistan,TKM,2006,558
Turkmenistan,TKM,2005,561
Tuvalu,TUV,2000,2
Tuvalu,TUV,2001,2
Tuvalu,TUV,2002,2
Tuvalu,TUV,2003,2
Tuvalu,TUV,2004,2
Tuvalu,TUV,2005,2
Tuvalu,TUV,2006,2
Tuvalu,TUV,2007,2
Tuvalu,TUV,2008,2
Tuvalu,TUV,2009,2
Tuvalu,TUV,2010,2
Tuvalu,TUV,2011,2
Tuvalu,TUV,2012,2
Tuvalu,TUV,2013,2
Tuvalu,TUV,2014,2
Tuvalu,TUV,2015,2
Tuvalu,TUV,2016,2
Tuvalu,TUV,2017,2
Tuvalu,TUV,2018,2
Tuvalu,TUV,2019,2
Uganda,UGA,2000,1778
Uganda,UGA,2010,1794
Uganda,UGA,2009,1797
Uganda,UGA,2011,1807
Uganda,UGA,2008,1813
Uganda,UGA,2012,1829
Uganda,UGA,2001,1831
Uganda,UGA,2002,1837
Uganda,UGA,2003,1852
Uganda,UGA,2007,1873
Uganda,UGA,2013,1882
Uganda,UGA,2004,1888
Uganda,UGA,2006,1888
Uganda,UGA,2005,1894
Uganda,UGA,2014,1920
Uganda,UGA,2015,1941
Uganda,UGA,2016,2003
Uganda,UGA,2017,2023
Uganda,UGA,2018,2104
Uganda,UGA,2019,2167
Ukraine,UKR,2011,10666
Ukraine,UKR,2012,10757
Ukraine,UKR,2014,10902
Ukraine,UKR,2010,11122
Ukraine,UKR,2013,11150
Ukraine,UKR,2009,12016
Ukraine,UKR,2019,13690
Ukraine,UKR,2018,13954
Ukraine,UKR,2008,14236
Ukraine,UKR,2006,14307
Ukraine,UKR,2017,14411
Ukraine,UKR,2007,14625
Ukraine,UKR,2016,14943
Ukraine,UKR,2015,15322
Ukraine,UKR,2005,15423
Ukraine,UKR,2004,15823
Ukraine,UKR,2003,16091
Ukraine,UKR,2002,16914
Ukraine,UKR,2001,17339
Ukraine,UKR,2000,18273
United Arab Emirates,ARE,2000,204
United Arab Emirates,ARE,2001,213
United Arab Emirates,ARE,2003,222
United Arab Emirates,ARE,2002,223
United Arab Emirates,ARE,2004,224
United Arab Emirates,ARE,2005,231
United Arab Emirates,ARE,2006,265
United Arab Emirates,ARE,2007,339
United Arab Emirates,ARE,2008,432
United Arab Emirates,ARE,2009,516
United Arab Emirates,ARE,2010,541
United Arab Emirates,ARE,2011,562
United Arab Emirates,ARE,2012,580
United Arab Emirates,ARE,2013,610
United Arab Emirates,ARE,2014,636
United Arab Emirates,ARE,2015,645
United Arab Emirates,ARE,2016,648
United Arab Emirates,ARE,2017,648
United Arab Emirates,ARE,2018,655
United Arab Emirates,ARE,2019,664
United Kingdom,GBR,2005,5305
United Kingdom,GBR,2012,5363
United Kingdom,GBR,2004,5371
United Kingdom,GBR,2006,5405
United Kingdom,GBR,2011,5417
United Kingdom,GBR,2007,5437
United Kingdom,GBR,2013,5442
United Kingdom,GBR,2014,5447
United Kingdom,GBR,2010,5488
United Kingdom,GBR,2003,5526
United Kingdom,GBR,2015,5540
United Kingdom,GBR,2009,5545
United Kingdom,GBR,2008,5558
United Kingdom,GBR,2016,5618
United Kingdom,GBR,2019,5618
United Kingdom,GBR,2018,5631
United Kingdom,GBR,2017,5633
United Kingdom,GBR,2002,5676
United Kingdom,GBR,2001,5785
United Kingdom,GBR,2000,5891
United States,USA,2000,34363
United States,USA,2001,35048
United States,USA,2002,35851
United States,USA,2003,36275
United States,USA,2004,36380
United States,USA,2005,37506
United States,USA,2006,38544
United States,USA,2007,39352
United States,USA,2008,40357
United States,USA,2009,41273
United States,USA,2010,41719
United States,USA,2011,42805
United States,USA,2012,43395
United States,USA,2013,44026
United States,USA,2014,44950
United States,USA,2019,45349
United States,USA,2018,46011
United States,USA,2015,46209
United States,USA,2017,46740
United States,USA,2016,47550
United States Virgin Islands,VIR,2000,8
United States Virgin Islands,VIR,2001,8
United States Virgin Islands,VIR,2002,8
United States Virgin Islands,VIR,2003,8
United States Virgin Islands,VIR,2004,8
United States Virgin Islands,VIR,2005,8
United States Virgin Islands,VIR,2006,8
United States Virgin Islands,VIR,2007,8
United States Virgin Islands,VIR,2008,8
United States Virgin Islands,VIR,2009,8
United States Virgin Islands,VIR,2010,8
United States Virgin Islands,VIR,2011,9
United States Virgin Islands,VIR,2012,9
United States Virgin Islands,VIR,2013,9
United States Virgin Islands,VIR,2014,9
United States Virgin Islands,VIR,2015,9
United States Virgin Islands,VIR,2016,9
United States Virgin Islands,VIR,2017,9
United States Virgin Islands,VIR,2018,9
United States Virgin Islands,VIR,2019,9
Uruguay,URY,2000,597
Uruguay,URY,2001,601
Uruguay,URY,2005,608
Uruguay,URY,2006,613
Uruguay,URY,2004,616
Uruguay,URY,2008,622
Uruguay,URY,2003,623
Uruguay,URY,2009,623
Uruguay,URY,2002,633
Uruguay,URY,2010,634
Uruguay,URY,2007,638
Uruguay,URY,2011,661
Uruguay,URY,2019,666
Uruguay,URY,2012,670
Uruguay,URY,2013,674
Uruguay,URY,2014,676
Uruguay,URY,2018,680
Uruguay,URY,2017,688
Uruguay,URY,2015,689
Uruguay,URY,2016,695
Uzbekistan,UZB,2000,2715
Uzbekistan,UZB,2003,2736
Uzbekistan,UZB,2002,2747
Uzbekistan,UZB,2001,2769
Uzbekistan,UZB,2004,2796
Uzbekistan,UZB,2009,2900
Uzbekistan,UZB,2006,2922
Uzbekistan,UZB,2005,2946
Uzbekistan,UZB,2010,2957
Uzbekistan,UZB,2008,2958
Uzbekistan,UZB,2007,2990
Uzbekistan,UZB,2011,3125
Uzbekistan,UZB,2012,3335
Uzbekistan,UZB,2013,3473
Uzbekistan,UZB,2014,3616
Uzbekistan,UZB,2015,3743
Uzbekistan,UZB,2019,3793
Uzbekistan,UZB,2018,3800
Uzbekistan,UZB,2017,3822
Uzbekistan,UZB,2016,3869
Vanuatu,VUT,2002,35
Vanuatu,VUT,2003,35
Vanuatu,VUT,2000,36
Vanuatu,VUT,2001,36
Vanuatu,VUT,2004,36
Vanuatu,VUT,2005,38
Vanuatu,VUT,2006,39
Vanuatu,VUT,2007,41
Vanuatu,VUT,2008,42
Vanuatu,VUT,2009,43
Vanuatu,VUT,2010,44
Vanuatu,VUT,2011,45
Vanuatu,VUT,2012,46
Vanuatu,VUT,2013,47
Vanuatu,VUT,2014,48
Vanuatu,VUT,2015,48
Vanuatu,VUT,2016,49
Vanuatu,VUT,2017,51
Vanuatu,VUT,2018,51
Vanuatu,VUT,2019,51
Venezuela,VEN,2005,1835
Venezuela,VEN,2006,1852
Venezuela,VEN,2007,1919
Venezuela,VEN,2004,1940
Venezuela,VEN,2008,2003
Venezuela,VEN,2002,2016
Venezuela,VEN,2009,2027
Venezuela,VEN,2000,2047
Venezuela,VEN,2010,2051
Venezuela,VEN,2003,2071
Venezuela,VEN,2011,2110
Venezuela,VEN,2001,2128
Venezuela,VEN,2012,2248
Venezuela,VEN,2017,2282
Venezuela,VEN,2018,2293
Venezuela,VEN,2013,2310
Venezuela,VEN,2019,2310
Venezuela,VEN,2016,2356
Venezuela,VEN,2014,2380
Venezuela,VEN,2015,2436
Vietnam,VNM,2000,5851
Vietnam,VNM,2001,5951
Vietnam,VNM,2002,6075
Vietnam,VNM,2003,6220
Vietnam,VNM,2004,6367
Vietnam,VNM,2005,6497
Vietnam,VNM,2006,6573
Vietnam,VNM,2007,6706
Vietnam,VNM,2008,6826
Vietnam,VNM,2009,6969
Vietnam,VNM,2010,7051
Vietnam,VNM,2011,7141
Vietnam,VNM,2012,7273
Vietnam,VNM,2013,7442
Vietnam,VNM,2014,7621
Vietnam,VNM,2015,7744
Vietnam,VNM,2016,7878
Vietnam,VNM,2017,7997
Vietnam,VNM,2018,8072
Vietnam,VNM,2019,8114
Yemen,YEM,2000,823
Yemen,YEM,2001,853
Yemen,YEM,2002,902
Yemen,YEM,2003,943
Yemen,YEM,2004,985
Yemen,YEM,2005,1015
Yemen,YEM,2006,1056
Yemen,YEM,2007,1091
Yemen,YEM,2010,1130
Yemen,YEM,2008,1169
Yemen,YEM,2011,1171
Yemen,YEM,2009,1175
Yemen,YEM,2012,1185
Yemen,YEM,2013,1232
Yemen,YEM,2014,1241
Yemen,YEM,2015,1302
Yemen,YEM,2016,1362
Yemen,YEM,2017,1429
Yemen,YEM,2018,1517
Yemen,YEM,2019,1560
Zambia,ZMB,2000,857
Zambia,ZMB,2001,871
Zambia,ZMB,2002,893
Zambia,ZMB,2003,923
Zambia,ZMB,2004,953
Zambia,ZMB,2005,978
Zambia,ZMB,2006,1002
Zambia,ZMB,2007,1010
Zambia,ZMB,2008,1021
Zambia,ZMB,2009,1035
Zambia,ZMB,2010,1076
Zambia,ZMB,2011,1108
Zambia,ZMB,2012,1130
Zambia,ZMB,2013,1165
Zambia,ZMB,2014,1208
Zambia,ZMB,2015,1250
Zambia,ZMB,2016,1291
Zambia,ZMB,2017,1342
Zambia,ZMB,2018,1374
Zambia,ZMB,2019,1398
Zimbabwe,ZWE,2000,1543
Zimbabwe,ZWE,2001,1585
Zimbabwe,ZWE,2002,1654
Zimbabwe,ZWE,2003,1686
Zimbabwe,ZWE,2004,1737
Zimbabwe,ZWE,2005,1753
Zimbabwe,ZWE,2006,1796
Zimbabwe,ZWE,2007,1844
Zimbabwe,ZWE,2008,1987
Zimbabwe,ZWE,2009,2049
Zimbabwe,ZWE,2011,2078
Zimbabwe,ZWE,2010,2085
Zimbabwe,ZWE,2012,2092
Zimbabwe,ZWE,2013,2103
Zimbabwe,ZWE,2014,2156
Zimbabwe,ZWE,2015,2235
Zimbabwe,ZWE,2016,2296
Zimbabwe,ZWE,2017,2338
Zimbabwe,ZWE,2018,2372
Zimbabwe,ZWE,2019,2403
